"product_name","product_url","product_price","product_stock","product_product_description"
"Smart LED Light Bulb 2.4G(Not 5G) E26 WiFi Multicolor Light Bulb Work with Alexa,Siri, Echo, Google Home and IFTTT (No Hub Required), A19 60W Equivalent RGB Color Changing Bulb (4 Pack)","https://www.amazon.com/Multicolor-Google-Required-Equivalent-Changing/dp/B07QYMPT6W/ref=sr_1_1?keywords=smart+light&qid=1581984054&sr=8-1","$39.99
$39
.
99","In Stock.",""
"Smart LED Light Bulb 2.4G(Not 5G) E26 WiFi Multicolor Light Bulb Work with Siri,Alexa, Echo, Google Home and IFTTT (No Hub Required), Peteme A19 60W Equivalent RGB Color Changing Bulb (2 Pack)","https://www.amazon.com/Multicolor-Required-Peteme-Equivalent-Changing/dp/B07MKDLV1V/ref=sr_1_2?keywords=smart+light&qid=1581984054&sr=8-2","$20.99
$20
.
99
$39.99
$39.99","In Stock.",""
"Smart WiFi Light Bulb, LED RGB Color Changing, Compatible with Alexa and Google Home Assistant, No Hub Required, A19 E26 Multicolor LUMIMAN 2 Pack","https://www.amazon.com/Changing-Compatible-Assistant-Multicolor-LUMIMAN/dp/B07DLSNNDS/ref=sr_1_3?keywords=smart+light&qid=1581984054&sr=8-3","$22.99
$22
.
99 ($11.50/Count)","In Stock.","2 x Multicolor Smart LED Light Bulb ; 2 x Installation Manual;"
"Govee Smart WiFi LED Strip Lights Works with Alexa, Google Home Brighter 5050 LED, 16 Million Colors Phone App Controlled Music Light Strip for Home, Kitchen, TV, Party, for iOS and Android, 16.4ft","https://www.amazon.com/Govee-Brighter-Million-Controlled-Kitchen/dp/B07N1CMGQQ/ref=sr_1_4?keywords=smart+light&qid=1581984054&sr=8-4","$29.99
$29
.
99
$43.99
$43.99","In Stock.",""
"Kasa Smart Light Switch by TP-Link – Needs Neutral Wire, WiFi Light Switch, Works with Alexa & Google (HS200) White 1-Pack","https://www.amazon.com/Kasa-Smart-Light-Switch-TP-Link/dp/B01EZV35QU/ref=sr_1_5?keywords=smart+light&qid=1581984054&sr=8-5","$19.99
$19
.
99","In Stock.",""
"Smart WiFi Light Bulb with Soft White Light, TECKIN 16 Million RGB Color Changing LED Bulb That Work with Alexa, Google Home (No Hub Required), 7.5W (60w Equivalent),4 Pack","https://www.amazon.com/Multicolor-Compatible-Required-TECKIN-Equivalent/dp/B07GT3RXM6/ref=sr_1_6?keywords=smart+light&qid=1581984054&sr=8-6","$39.99
$39
.
99","In Stock.",""
"BERENNIS Smart Light Bulb, A19 E26 RGBCW WiFi Dimmable Multicolor LED Lights, Compatible with Alexa, Google Home and IFTTT (No Hub Required) 7W (60w Equivalent) 3 Pack","https://www.amazon.com/BERENNIS-Dimmable-Multicolored-Required-Compatible/dp/B07GGWNQT7/ref=sr_1_7?keywords=smart+light&qid=1581984054&sr=8-7","$29.99
$29
.
99 ($10.00/Count)
$38.99
$38.99","In Stock.",""
"Smart Light Bulb, Works with Alexa, Echo, Google Home and Siri, AL Above Lights Dimmable E26 9W Wi-Fi LED Smart Bulb, Soft White (2700K), 60W Equivalent, 810 LM, RGB+W, ETL Listed - 1 Pack","https://www.amazon.com/AL-Above-Lights-Dimmable-Equivalent/dp/B07SN3MZM7/ref=sr_1_8?keywords=smart+light&qid=1581984054&sr=8-8","$13.99
$13
.
99","In Stock.",""
"Samsung SMARTBULB/GP-LBU019BBAWU / GP-LBU019BBAWU / Smart Light Bulb SmartThings Dimmable Light Bulb/SmartThings Hub Required","https://www.amazon.com/Samsung-SMARTBULB-GP-LBU019BBAWU-SmartThings-Dimmable/dp/B07Q1DLSBN/ref=sr_1_9?keywords=smart+light&qid=1581984054&sr=8-9","$9.99
$9
.
99","In Stock.","BRIGHTEN UP YOUR ROOM WITH EASE Light up any room with the SmartThings Smart Bulb that’s easy to control from your smartphone or tablet. Turn on the living room lamps as you’re heading home, dim the lights for movie night, or schedule them to turn off before bed. It’s the smarter way to light your house while saving money on energy costs. ADDITIONAL DETAILS: Lifetime: 25, 000 hours, Dimensions: 2. 36 x 2. 36 x 4. 21, Protocol: ZigBee 3. 0 (1. 2 HA support, Repeater), Lumen: 806 lumen, Electric Power: 9 watts"
"Smart WiFi Alexa Light Bulbs 2.4G, SAUDIO LED RGB Color Changing Bulbs, Compatible with Siri,Alexa,IFTTT and Google Home Assistant, No Hub Required, A19 E26 Multicolor 4 Pack","https://www.amazon.com/SAUDIO-Changing-Compatible-Assistant-Multicolor/dp/B07RX62616/ref=sr_1_10?keywords=smart+light&qid=1581984054&sr=8-10","$39.99
$39
.
99
$69.99
$69.99","In Stock.",""
"TECKIN Smart Light Bulb,LED RGB Color Changing,E27 100W 1300LM Equivalent Compatible with Alexa and Google Home,IFTTT,2900K-6000K BR30 WiFi Light Blubs(13W),1 Pack","https://www.amazon.com/TECKIN-Changing-Equivalent-Compatible-2900K-6000K/dp/B07RZKV7FQ/ref=sr_1_11?keywords=smart+light&qid=1581984054&sr=8-11","$19.99
$19
.
99","In Stock.",""
"Kasa Smart WiFi Light Bulb, Dimmable by TP-Link – No Hub Required, Works with Alexa & Google (KL110)","https://www.amazon.com/Kasa-Smart-Light-Dimmable-TP-Link/dp/B07G1PH3JL/ref=sr_1_12?keywords=smart+light&qid=1581984054&sr=8-12","$16.99
$16
.
99","In Stock.","Smart Wi Fi LED Bulb With Dimmable Soft White Protocols Supported: IEEE 802.11b/g/n; System Requirement: Android 4.1 or higher iOS 9.0 or higher; Wireless Type: 2.4GHz 1T1R"
"NiteBird Smart TV Backlight Work with Alexa Google Home,Sync to Music WiFi LED TV light 9.2Ft Kit for 32'' to 60'' TV, Waterproof 5050 RGB Strip Light with Controller, Dimmable","https://www.amazon.com/NiteBird-Backlight-Waterproof-Controller-Dimmable/dp/B07XCVGL42/ref=sr_1_13?keywords=smart+light&qid=1581984054&sr=8-13","$17.99
$17
.
99","In Stock.",""
"Wyze Bulb 800 Lumen A19 LED Smart Home Light Bulb, Adjustable white temperature and brightness, works with Alexa and the Google Assistant, No Hub Required, 4-Pack","https://www.amazon.com/Wyze-Adjustable-temperature-brightness-Assistant/dp/B07RF9NCDP/ref=sr_1_14?keywords=smart+light&qid=1581984054&sr=8-14","$37.98
$37
.
98","In Stock.","The Wyze bulb is a Smart Home light bulb. Connect to our app and control your lights. Weather Resistance: Indoor use only.Operation Temperature -4°F - 104°F / -20°C - 40°C. Compatibility: Android 5.0+, iOS 9.0+"
"Single Pole Treatlife Smart Light Switch（Neutral Wire Required), 2.4Ghz Wi-Fi Light Switch, Works with Alexa and Google Assistant, Schedule, Remote Control, Single Pole, ETL Listed (1 PACK)","https://www.amazon.com/Treatlife-Smart-Light-Switch-Assistant/dp/B07R7PCCT9/ref=sr_1_15?keywords=smart+light&qid=1581984054&sr=8-15","$15.29
$15
.
29
$17.99
$17.99","In Stock.",""
"Sengled Smart LED Soft White A19 Light Bulb, Hub Required, 2700K 60W Equivalent, Works with Alexa, Google Assistant & SmartThings, 1 Pack","https://www.amazon.com/Sengled-E11-G13W-Equivalent-Assistant-SmartThings/dp/B01N7I4X94/ref=sr_1_16?keywords=smart+light&qid=1581984054&sr=8-16","$9.48
$9
.
48
$9.99
$9.99","In Stock.","Do more with your lighting. Transform your space with a single tap in the app or a simple voice command. Sengled Smart LEDs fit seamlessly into your existing smart home. Compatible with Alexa, Google Assistant, SmartThings and Wink, it's simple to add smart lighting in any room. Create scenes, set schedules, dim or brighten, and more with the Sengled Home app (iOS/Android)."
"Etekcity Smart Light, WiFi Dimmable Soft White LED Bulb Work with Alexa, Google Home and IFTTT, Easy Setup, Schedule, A19 E26, 60W Equivalent, 806LM, 2700K, No Hub Required, UL Listed","https://www.amazon.com/Etekcity-Smart-Light-WiFi-LED/dp/B07MVWJG3T/ref=sr_1_17?keywords=smart+light&qid=1581984054&sr=8-17","$13.99
$13
.
99","In Stock.",""
"Sengled Smart Wi-Fi LED Soft White A19 Light Bulb, No Hub Required, 2700K, 60W Equivalent, Works with Alexa & Google Assistant, 1 Pack","https://www.amazon.com/Sengled-Required-Equivalent-Google-Assistant/dp/B07HKW28VG/ref=sr_1_18?keywords=smart+light&qid=1581984054&sr=8-18","$10.23
$10
.
23
$14.99
$14.99","In Stock.","Sengled Smart Wi-Fi LED bulbs are the simplest way to get started with smart lighting. No hub is required — just install the LED bulb like a standard light bulb and connect it to your home’s 2.4 GHz Wi-Fi network. Control the bulb through the Sengled Home app to manage your lights, including adjusting the brightness, setting schedules, creating scenes and monitoring energy. You can also control the light with your voice when paired to your Amazon Alexa device."
"Gosund Smart Light Bulb Compatible with Alexa Google Home WiFi A19 E26 LED Dimmable Bulbs No Hub Required 2700K Warm White 8W Lights 75W Equivalent Lighting 2pack","https://www.amazon.com/Gosund-Compatible-Dimmable-Required-Equivalent/dp/B082X4QTKJ/ref=sr_1_19?keywords=smart+light&qid=1581984054&sr=8-19","$16.99
$16
.
99","In Stock.",""
"Smart Light Bulb with Soft White Light 2800k-6200k + RGBW, TECKIN A19 WiFi Multicolor LED Bulb Compatible with Phone, Google Home, 8w (60w Equivalent),2 Pack","https://www.amazon.com/Dimmable-Multicolor-Compatible-TECKIN-Equivalent/dp/B07GT2Q5RW/ref=sr_1_20?keywords=smart+light&qid=1581984054&sr=8-20","$24.99
$24
.
99","In Stock.",""
"Sengled Smart Light Bulb A19 LED Daylight, Hub Required, Smart Bulb A19 5000K 60W Equivalent, Smart Light Bulb Compatible with Alexa, Google Assistant, SmartThings & IFTTT, 2 Pack","https://www.amazon.com/Sengled-Equivalent-Compatible-Assistant-SmartThings/dp/B07Y4ZNJTX/ref=sr_1_21?keywords=smart+light&qid=1581984054&sr=8-21","$19.99
$19
.
99 ($7.09/Ounce)","In Stock.",""
"AISIRER Smart Light Bulb WiFi LED Bulbs 9W 806LM Compatible with Amazon Alexa Echo Google Home Assistant and IFTTT Dimmable Warm Light 2700K No Hub Required E26 A19","https://www.amazon.com/Compatible-Assistant-Equivalent-Dimmable-AISIRER/dp/B07Q3SGYCL/ref=sr_1_22?keywords=smart+light&qid=1581984054&sr=8-22","$21.99
$21
.
99","In Stock.",""
"Dusk to Dawn Light Bulb Sensor Smart LED Outdoor Lighting Bulbs Lamp 7W E26/E27 Automatic On/Off, Indoor/Outdoor Yard Porch Patio Garden (Warm White, 3 Pack)","https://www.amazon.com/Sensor-Outdoor-Lighting-Automatic-Indoor/dp/B077SQ95ZW/ref=sr_1_23?keywords=smart+light&qid=1581984054&sr=8-23","$21.99
$21
.
99","In Stock.",""
"Smart Light Bulbs E12 Base LED Candelabra Bulbs, Color Changing and Dimmable, Compatible with Alexa Google Home IFTTT, Tunable White Chandelier Light Bulbs 320 lm 35w Equivalent, 4 Pack","https://www.amazon.com/Candelabra-Changing-Compatible-Chandelier-Equivalent/dp/B07WGL5L8Q/ref=sr_1_24?keywords=smart+light&qid=1581984054&sr=8-24","$39.99
$39
.
99","In Stock.",""
"Sylvania Smart+ Expansion Lightstrips for Bluetooth and ZigBee Starter Kits, Warm White to Daylight, RGBW Color Changing and Dimmable Lightstrip","https://www.amazon.com/SYLVANIA-Expansion-Lightstrips-Bluetooth-Lightstrip/dp/B00R1PB326/ref=sr_1_25?keywords=smart+light&qid=1581984054&sr=8-25","$14.23
$14
.
23","In Stock.",""
"Feit Electric BR30/RGBW/CA/AG WiFi Changing and Dimmable, No Hub Required, Alexa or Google Assistant BR30 Smart LED Light Bulb, 65W, Multi-Color RGBW","https://www.amazon.com/Electric-BR30-RGBW-CA-AG/dp/B07GFV1Y9C/ref=sr_1_26?keywords=smart+light&qid=1581984054&sr=8-26","$15.31
$15
.
31
$17.99
$17.99","In Stock.","The Feit Electric color changing BR30 smart WiFi LED light bulb works with Alexa or Google Assistant (sold separately) and the Feit Electric Android and iOS mobile app. Easily turn lights on/off, dim, set Groups and schedules using your smartphone or control lighting with simple voice commands. The tunable light feature lets you adjusts light color temperature from relaxing 2700K soft white to energizing 6500K daylight. or you can increase the fun and celebrate by choosing light colors. Set up is simple with no special smart home hub required. The LED light bulb connects directly to your 2. 4 GHz WiFi at home and can be controlled from anywhere as long as you have access to WiFi or a cellular network. Designed to fit standard light sockets, the E26 medium base light bulb is an easy and cost-effective way to introduce smart lighting to your recessed and track lighting. This reliable BR30 flood/spot bulb is RoHS and California Energy Commission title 20 compliant, 100% mercury free and will shine for a decade or more without needing to be replaced. Now you can enjoy the advantages of energy saving LED with the convenience of smart home technology. Feit is a leader in first to market lighting innovations and driven to deliver the latest breakthrough in interior and exterior illumination. To us, lighting is everything. The right light can turn a house into a home, make an unsafe area feel more secure, and make navigating your way back to bed a lot easier. Our LED product portfolio includes a full line of energy efficient LED bulbs and retrofit kits. Feit Electric also manufactures energy-efficient LED luminaire including ultra-slim edge-lit ceiling fixtures, lightweight utility shop lights, and weatherproof outdoor LED fixtures. Family owned and operated. Based in Los Angeles, California since 1978. Visit our store and see more of our Feit Electric products by clicking on our brand hyperlink at the top of this page."
"Smart Light Bulbs, Aoycocr BR30 Dimmable LED Light Bulbs, 720 Lumen, Tunable White 2700K - 9000K,9 (80W Equivalent) No Hub Required, Wi-Fi, E26 Base (4 Pack)","https://www.amazon.com/Smart-Light-Aoycocr-Dimmable-Tunable/dp/B07VCRJ9ZM/ref=sr_1_27?keywords=smart+light&qid=1581984054&sr=8-27","$52.99
$52
.
99","In Stock.",""
"Smart Switch, Gosund Smart Switch Works with Alexa, Google home and IFTTT, with Remote Control and Schedule, Neutral Wire Required, Single-Pole, No Hub required, ETL and FCC listed","https://www.amazon.com/Gosund-Control-required-installation-listed/dp/B07DQDNBZ2/ref=sr_1_28?keywords=smart+light&qid=1581984054&sr=8-28","$17.99
$17
.
99","In Stock.",""
"OHLUX Smart WiFi LED Light Bulbs Compatible with Alexa Google Home and IFTTT(No Hub Required), RGBCW Multi-Color, Warm to Cool White Dimmable, 60W Equivalent, 7W E26 A19 Color Changing Bulb-4PACK","https://www.amazon.com/OHLUX-Compatible-Equivalent-Multi-Color-Bulb-4PACK/dp/B07LCB3HQJ/ref=sr_1_29?keywords=smart+light&qid=1581984054&sr=8-29","$39.99
$39
.
99","In Stock.",""
"Philips Hue White A19 LED Smart Bulb, Bluetooth & Zigbee compatible (Hue Hub Optional), Works with Alexa & Google Assistant – A Certified for Humans Device","https://www.amazon.com/Philips-Hue-Bluetooth-compatible-Assistant/dp/B07QV9XLTK/ref=sr_1_30?keywords=smart+light&qid=1581984054&sr=8-30","$14.97
$14
.
97","In Stock.","New to smart lighting? Get started with easy smart lighting with this Hue smart bulb. Just using Bluetooth, without the Hue Hub, you can control up to 10 lights in 1 room. Comfy on the couch? No need to get up to change your lights. Control your lights using the (free) Hue Bluetooth app or with just your voice with Alexa or Google Assistant. Works with all Echo smart speakers/displays and Google Nest devices, (Hue Hub required for Echo (1st Gen) and Echo Dot (1st Gen)). Certified for Humans: struggle-free, tinker-free, stress-free. No patience needed-they’re actually simple. Want to upgrade your whole home with smart lighting? Add a Hue Hub to control up to 50 light points, get access the full Hue capabilities (Home and away control, timers/routines, more smart home partners) and extended product portfolio (indoor/outdoor smart lighting and accessories). Already a Philips Hue customer? This bulb is also compatible with the Hue Hub. Philips Hue, the creator of Smart Lighting, brings you the most comprehensive, up-to-date and secure smart lighting ecosystem."
"AXTEE Smart Light Bulb 2.4G(Not 5G), WiFi LED RGBCW Color Changing Bulbs 2700K-6500K with White Lights Work with Alexa, Echo, Google Home and IFTTT(No Hub Required), A19 E26 60W Equivalent-3 Pack","https://www.amazon.com/Dimmable-Multicolored-Required-Amazon-Google/dp/B07G5M8FKG/ref=sr_1_31?keywords=smart+light&qid=1581984054&sr=8-31","$27.99
$27
.
99 ($9.33/Count)","In Stock.",""
"Sengled Smart LED Multicolor Light Bulb, Hub Required, RGBW Color & Tunable White 2000-6500K, A19 60W Equivalent, Works with Alexa, Google Assistant & SmartThings, 1 Pack","https://www.amazon.com/Sengled-Multicolor-2000-6500K-Equivalent-SmartThings/dp/B073ZBYXKQ/ref=sr_1_32?keywords=smart+light&qid=1581984054&sr=8-32","$19.99
$19
.
99
$24.99
$24.99","In Stock.","Add a Sengled Element Color Plus A19 smart bulb to your smart home system to enrich your home with colored and high quality white light. Sengled Element A19 bulb is the best way to expand your smart lighting in your home, which work with Samsung SmartThings hub, Wink hub, Echo Plus and Sengled Element hub Simply install your bulbs, sync with the applicable apps, & begin to control your light settings using your iOS or Android device. . Sengled Element work with Amazon Alexa and Google Assistant, turn on/off, change the color, set the scene and dimming light through voice control. Schedule lights to come on automatically at the start of the day, or turn on lights for added security when away from home."
"Smart WiFi Light Bulb, LUMIMAN LED RGBCW Color Changing, Compatible with Alexa, Siri and Google Home Assistant, No Hub Required, A19 E26 Multicolor 4 Pack","https://www.amazon.com/LUMIMAN-Changing-Compatible-Assistant-Multicolor/dp/B07XYXY5QR/ref=sr_1_33?keywords=smart+light&qid=1581984054&sr=8-33","$39.99
$39
.
99","In Stock.","4 Multicolor Smart LED Light Bulb ; 4 x Installation Manual;"
"LE LampUX Smart LED Light Bulb, E12 Candelabra Light Bulbs, Works with Alexa Google Home, Tunable White 2700K-6500K, Dimmable with App, No Hub Required, 40 Watt Equivalent, 2.4GHz WiFi, Pack of 2","https://www.amazon.com/Candelabra-2700K-6500K-Dimmable-Required-Equivalent/dp/B07RSQW16R/ref=sr_1_34?keywords=smart+light&qid=1581984054&sr=8-34","$22.99
$22
.
99 ($11.50/Count)","In Stock.",""
"Single Pole Treatlife Smart Light Switch（Neutral Wire Required), 2.4Ghz Wi-Fi Light Switch, Works with Alexa and Google Assistant, Schedule, Remote Control, Single Pole, ETL Listed (4 PACK)","https://www.amazon.com/Treatlife-Smart-Light-Switch-Assistant/dp/B07R4MFWCQ/ref=sr_1_35?keywords=smart+light&qid=1581984054&sr=8-35","$59.99
$59
.
99","In Stock.",""
"OHLUX Smart WiFi LED Light Bulb, Works with Alexa and Google Home Assistant (No Hub Required), RGBCW Multi Color Changing Bulb, A19 E26 7W(60W Equivalent), IFTTT Compatible, 2-Pack","https://www.amazon.com/OHLUX-Assistant-Required-Equivalent-Compatible/dp/B07VVW7BZ9/ref=sr_1_36?keywords=smart+light&qid=1581984054&sr=8-36","$21.99
$21
.
99","In Stock.","OHLUX Smart Light Bulbs ( 2 Pack )
Do you have any questions about product ? Please contact us on amazon directly
➤Basic Info:
➸Wattage: 7W
➸Brightness: 600lm, dimmable
➸Voltage: suitable for 100V to 240V
➸Base: E26 Edison screw base
➸Color: RGB, 2700K to 6500K
➸Bulb Size: ⌀6 * 11.2cm
➸Wireless Type Required: 2.4GHz
➸App: Smart Life ( Tuya ), IOS & Android
➸Third Party Control Supported: Amazon Alexa, Google Assistant, IFTTT
➸Package: 2*smart bulb, 1*user manual
➤Easy to set up:
① Make sure your WiFi is available for 2.4Ghz
② Download the Smart Life app from Apple Store or Google Store, register an account and login
③ Click ""+"" in the upper right corner - All devices - Lighting Devices
④ Install the smart wifi bulb into E26/E27 socket, then turn the switch 3 times: on-off-on-off-on until it's flashed quickly
⑤ Click ""confirm light blinks rapidly"" and then input the correct WiFi password (2.4Ghz WiFi only)
⑥ Within 1 minute, it will be connected
There are more interesting functions can be found in the App, please explore them and we hope you can share with other customers. OHLUX thanks for your purchasing and support!"
"Smart Light Bulb Alexa LED Color Changing Light Bulbs,TECKIN A19 E27 60W 800LM Equivalent Compatible with Google Home,IFTTT,2800K-6000K Cold and Warm Light WiFi Blubs(7.5W),2pack","https://www.amazon.com/Changing-TECKIN-Equivalent-Compatible-2800K-6000K/dp/B07ZJHKC8W/ref=sr_1_37?keywords=smart+light&qid=1581984054&sr=8-37","$22.99
$22
.
99
$24.58
$24.58","In Stock.",""
"Govee LED Light Bulb Dimmable, Music Sync RGB Color Changing Light Bulbs A19 7W 60W Equivalent, Multicolor Decorative No Hub Required Smart LED Bulbs with APP for Party Home (Don't Support WiFi/Alexa)","https://www.amazon.com/MINGER-Dimmable-Changing-Equivalent-Multi-Color/dp/B07CL2RMR7/ref=sr_1_38?keywords=smart+light&qid=1581984054&sr=8-38","$13.99
$13
.
99","In Stock.",""
"VATI Sport Band Compatible for Apple Watch Band 38mm 40mm 42mm 44mm, Soft Silicone Sport Strap Replacement Bands Compatible with 2019 Apple Watch Series 5, iWatch 4/3/2/1, Sport, Nike+, Edition","https://www.amazon.com/VATI-Compatible-Silicone-Replacement-iWatch/dp/B07RJCTP6X/ref=sr_1_39?dchild=1&keywords=smart+light&qid=1581984054&sr=8-39","$7.99
$7
.
99","",""
"WeMo Smart Light Switch 2ND Gen","https://www.amazon.com/WeMo-Smart-Light-Switch-2ND/dp/B07RT8H9WH/ref=sr_1_40?keywords=smart+light&qid=1581984054&sr=8-40","$39.99
$39
.
99","In Stock.",""
"Smart LED Light Bulb, TIKLOK WiFi Dimmable Soft White A19 E26 Bulb, Compatible with Alexa and Google Home, 2700K 60W Equivalent, Easy Setup Control, No Hub Required (4 Pack)","https://www.amazon.com/Dimmable-Compatible-Equivalent-Control-Required/dp/B07XB5C6SC/ref=sr_1_41?keywords=smart+light&qid=1581984054&sr=8-41","$31.96
$31
.
96
$43.98
$43.98","In Stock.",""
"Sengled Smart LED Soft White A19 Light Bulb, Hub Required, 2700K 60W Equivalent, Works with Alexa, Google Assistant & SmartThings, 4 Pack","https://www.amazon.com/Sengled-Required-Equivalent-Assistant-SmartThings/dp/B072M5RT6L/ref=sr_1_42?keywords=smart+light&qid=1581984054&sr=8-42","$29.24
$29
.
24
$38.99
$38.99","In Stock.","Do more with your lighting. Transform your space with a single tap in the app or a simple voice command. Sengled Smart LEDs fit seamlessly into your existing smart home. Compatible with Alexa, Google Assistant, SmartThings and Wink, it's simple to add smart lighting in any room. Create scenes, set schedules, dim or brighten, and more with the Sengled Home app (iOS/Android)."
"MagicLight WiFi Bulb No Hub Required, Dimmable Multicolor E26 A19 7W (60w Equivalent) Color Changing LED Smart Light, Compatible with Alexa Google Home Siri IFTTT (4 Pack)","https://www.amazon.com/MagicLight-Required-Multicolor-Equivalent-Compatible/dp/B07VQLZBNW/ref=sr_1_43?keywords=smart+light&qid=1581984054&sr=8-43","$33.99
$33
.
99 ($8.50/Count)","In Stock.",""
"Alexa: 999 Best Things to Ask Alexa. Your Alexa Personal Assistant User Guide","https://www.amazon.com/Alexa-Things-Alexa-Personal-Assistant-ebook/dp/B07RK4ZLBX/ref=sr_1_44?keywords=smart+light&qid=1581984054&sr=8-44","$0.00
$0
.
00","",""
"SYLVANIA General Lighting 75540 Sylvania Smart+ ZigBee Outdoor Full Color Accent Light Expansion Kit","https://www.amazon.com/Sylvania-Smart-Home-75540-Expansion/dp/B07FK9QCNX/ref=sr_1_45?keywords=smart+light&qid=1581984054&sr=8-45","$13.50
$13
.
50
$19.99
$19.99","In Stock.",""
"LED WiFi Smart Light Bulb, E26 WiFi Light Bulb Compatible with Alexa Google Home and IFTTT, RGBCW Color Changing, Cool White and Warm White Dimmable, No Hub Required, A19 60W Equivalent (2 Pack)","https://www.amazon.com/LEGELITE-Dimmable-Changing-Required-Equivalent/dp/B07GR4SN63/ref=sr_1_46?keywords=smart+light&qid=1581984054&sr=8-46","$22.99
$22
.
99","In Stock.",""
"Kasa Smart Light Bulb by TP-Link – WiFi Bulbs, No Hub Required, Old Version, Works with Alexa & Google (LB110)","https://www.amazon.com/TP-Link-LB110-Smart-Wi-Fi-Dimmable/dp/B01HXM8XE2/ref=sr_1_47?keywords=smart+light&qid=1581984054&sr=8-47","$19.99
$19
.
99","In Stock.","Control your lighting from anywhere with the LB110. The smart bulb installs as easily as a standard light bulb, and connects to your home Wi-Fi in no time through the free Kasa app. Kasa also lets you manage your lights with your smartphone or tablet, including adjusting brightness, setting schedules and scenes, and tracking energy used. For added convenience, you can use your voice to control the LB110 when paired with Amazon Alexa. Protocols Supported: IEEE 802.11b/g/n; System Requirement: Android 4.1 or higher iOS 9.0 or higher; Wireless Type: 2.4GHz 1T1R"
"Smart LED RGB Light Bulb - Aoycocr 10W A21 E26 Soft White (2700K) Multicolor - 900 Lumens (85W Equivalent) - Compatible with Amazon Alexa and Google Assistant, No Hub Required (4 Pack)","https://www.amazon.com/Smart-LED-RGB-Light-Bulb/dp/B07T8DRZZ5/ref=sr_1_48?keywords=smart+light&qid=1581984054&sr=8-48","$40.99
$40
.
99
$45.99
$45.99","In Stock.",""
"SYLVANIA SMART+ ZigBee Indoor Starter Kit, Color Changing Light Strip, Works with SmartThings, Wink, and Amazon Echo Plus","https://www.amazon.com/SYLVANIA-Changing-Dimmable-SmartThings-Assistant/dp/B00R1PB80I/ref=sr_1_49?keywords=smart+light&qid=1581984642&sr=8-49","$17.00
$17
.
00","In Stock.",""
"GLOUE Selfie Light Ring Led Circle Clip-on Selfie Fill Light with 36 Led Bubbles USB Rechargeable Portable for iPhone, Smart Phones, Pads, Makeup Mirrors-Black, 1 Pack","https://www.amazon.com/GLOUE-Bubbles-Rechargeable-Portable-Mirrors-Black/dp/B07WD43MHJ/ref=sr_1_50?keywords=smart+light&qid=1581984642&sr=8-50","$9.99
$9
.
99","In Stock.",""
"ALITOVE Smart Light Bulb Bluetooth Mesh RGB White Color Changing Dimmable LED Bulbs, 4.5W 350LM E26 RGBW LED Night Lights, iOS Android App Controlled, Music Sync, Group Control, Timer Function","https://www.amazon.com/ALITOVE-Bluetooth-Changing-Dimmable-Controlled/dp/B07PDG8KFH/ref=sr_1_51?keywords=smart+light&qid=1581984642&sr=8-51","$11.99
$11
.
99","In Stock.",""
"Light Bulb Camera,Include 16GB Card 1080P WiFi Security Camera, 2MP Wireles IP LED Cam,360 Degrees Panoramic VR Indoor/Outdoor Home Surveillance Cameras,Motion Detection/Night Vision/Alarm","https://www.amazon.com/Include-Security-Panoramic-Surveillance-Detection/dp/B082S9PBHK/ref=sr_1_52?keywords=smart+light&qid=1581984642&sr=8-52","$32.99
$32
.
99","In Stock.",""
"SYLVANIA 74283 Dim Smart+ LED Light Bulb, A19 Dimmable White, 60W Equivalent, Works with SmartThings and Alexa, 10 Year Series, Dimmable Soft (packaging may vary)","https://www.amazon.com/SYLVANIA-74283-Equivalent-SmartThings-packaging/dp/B0727WZ3L2/ref=sr_1_53?keywords=smart+light&qid=1581984642&sr=8-53","$5.18
$5
.
18
$5.87
$5.87","In Stock.",""
"LE Color Changing Light Bulbs with Remote, Dimmable LED Light Bulb, E26 Screw Base, RGB & Soft Warm White, 40 Watt Equivalent, 16 Color Choices for Home Decor, Stage, Party and More, Pack of 2","https://www.amazon.com/Incandescent-Equivalent-Dimmable-Changing-Control/dp/B00VWJPSPK/ref=sr_1_54?keywords=smart+light&qid=1581984642&sr=8-54","$18.99
$18
.
99 ($9.50/Count)","In Stock.",""
"Smart plug, Gosund Mini Wifi Outlet Works With Alexa, Google Home & IFTTT, No Hub Required, Remote Control Your Home Appliances from Anywhere, ETL Certified,Only Supports 2.4GHz Network(4 Pieces)","https://www.amazon.com/Gosund-Compatible-Required-appliances-Certified/dp/B079MFTYMV/ref=sr_1_55?keywords=smart+light&qid=1581984642&sr=8-55","$29.99
$29
.
99","In Stock.",""
"meross Smart Wi-Fi LED Bulb, Multiple Colors, 2700K-6500K RGB, 810 Lumens 60W Equivalent, Compatible with Alexa, Google Assistant and IFTTT, E26 Light Bulb, No Hub Required - Upgrade Versions (2 Pack)","https://www.amazon.com/meross-2700K-6500K-Equivalent-Compatible-Assistant/dp/B07WVTCRSX/ref=sr_1_56?keywords=smart+light&qid=1581984642&sr=8-56","$19.99
$19
.
99","In Stock.",""
"Smart WiFi LED Light Bulb Dimmable 9W 1000Lm, SLITINTO E26 Multicolor Light Bulb Compatible with Alexa, Echo, Google Home and IFTTT(No Hub Required), A19 90W Equivalent RGB Color Changing Bulb-2 Pack","https://www.amazon.com/Dimmable-SLITINTO-Multicolor-Compatible-Equivalent/dp/B07SPZ8MBD/ref=sr_1_57?keywords=smart+light&qid=1581984642&sr=8-57","$24.99
$24
.
99","In Stock.",""
"The Clapper","https://www.amazon.com/Clapper-Amanda-Seyfried/dp/B0797PZPK1/ref=sr_1_58?keywords=smart+light&qid=1581984642&sr=8-58","From
$3.99
$3
.
99 to rent","",""
"OSRAM LIGHTIFY A19 Smart Adjustable White LED, Dimmable, 9.5W, Hub Required","https://www.amazon.com/SYLVANIA-General-Lighting-73674-Sylvania/dp/B00R3ID2BG/ref=sr_1_59?keywords=smart+light&qid=1581984642&sr=8-59","$8.49
$8
.
49
$9.49
$9.49","In Stock.",""
"LIFX A19 Mini Wi-Fi Smart Led Light Bulb (Latest Generation), Dimmable, Warm White, No Hub Required, Works with Amazon Alexa, Apple HomeKit, Google Assistant and Microsoft Cortana","https://www.amazon.com/LIFX-L3A19MW06E26-Mini-White-Light/dp/B07FKJ4LDX/ref=sr_1_60?keywords=smart+light&qid=1581984642&sr=8-60","$19.99
$19
.
99","In Stock.","The all new LIFX mini White is the perfect “everywhere” Wi-Fi enabled LED lighting hub required. LIFX mini White works with leading voice and smart home platforms and is energy star Compliant."
"Amazon Smart Plug, works with Alexa – A Certified for Humans Device","https://www.amazon.com/Amazon-Smart-Plug-works-Alexa/dp/B01MZEEFNX/ref=sr_1_61?keywords=smart+light&qid=1581984642&sr=8-61","$24.99
$24
.
99","In Stock.",""
"Smart WiFi LED Recessed Retrofit Downlight 5/6 inch, 15W Ceiling Down Lighting Compatible with Alexa,Siri and Google Home, RGBCW Multicolor Color Changing Retrofit Can Lights 2700K - 6500K No Hub","https://www.amazon.com/Recessed-Retrofit-Downlight-Compatible-Multicolor/dp/B07WS5L5LR/ref=sr_1_62?keywords=smart+light&qid=1581984642&sr=8-62","$39.99
$39
.
99","In Stock.","●Features:
* RGB warm white / cold white
* Alexa, Google Assistant, APP control
* Millions Color Changing
* APP setting modes
●Remote Control
Remote control smart downlight with your phone through Smart Life ,
Tuya Smart App no matter where you are. You can control the Wifi
LED bulb individually or create different groups to control the lights.
Works with 2.4GHz Wi-Fi Network ONLY. It’s very convenient for your life
●Match Any Mode
With over 16 million color, you can transform your room to all kinds of
themes such as party, reading, night, meeting, leisure, soft, colors,
colorful and gorgeous. Give a “smart life” for your house!
●Devices Sharing
Families can share the smart colorful life together via the smart bulb
with intimate families. Sharing device and sharing your care for
intimate families at the the same time.
●Specifications:
Power: 15W ( 120W Equivalent )
Luminous Flux: 1200 lm
Input Voltage: AC85-265V
Color temperature: 2700-6500K
Lifespan: above 20,000 hours
Certification: CE, ROHS, FCC
Control Type: APP/Voice
Base Type: E26
Warranty: 2 years
●Package Include:
1 * LED WIFI Smart Downlight
1 * Instruction manual"
"Smart Dimmer Switch,Neutral Wire Required,Treatlife WiFi Light Switch for Dimmable LED, Halogen and Incandescent Bulbs, Compatible with Alexa, Google Assistant, Remote Control, Single-Pole(1 Pack)","https://www.amazon.com/Upgraded-Separable-Replaceable-Function-Dressing/dp/B07CKNWGN4/ref=sr_1_63?keywords=smart+light&qid=1581984642&sr=8-63","$24.99
$24
.
99 ($2.84/Ounce)","In Stock.",""
"Single Pole Smart Light Switch, （Neutral Wire Required) Treatlife 2.4Ghz Smart Switch Wi-Fi Light Switch, Works with Alexa and Google Assistant, Schedule, Remote Control, ETL Listed, 1 Pack","https://www.amazon.com/%EF%BC%88Neutral-Required-Treatlife-Assistant-Schedule/dp/B07WRQB999/ref=sr_1_64?keywords=smart+light&qid=1581984642&sr=8-64","$17.99
$17
.
99","In Stock.",""
"Cree BA19-08027OMF-12CE26-1C100 Connected 60W Equivalent Soft White (2700K) A19 Dimmable LED Light Bulb, Works with Alexa","https://www.amazon.com/BA19-08027OMF-12CE26-1C100-Connected-Equivalent-White-Dimmable/dp/B01701DKVM/ref=sr_1_65?keywords=smart+light&qid=1581984642&sr=8-65","$9.28
$9
.
28
$11.69
$11.69","In Stock.","The Cree connected LED bulb looks and lights even more like a light bulb and can be controlled from anywhere. It is an easy-to-use and cost-effective way to customize lighting in your home. Simply install your bulbs and compatible hub, sync with the applicable app and begin to control your light settings using your iOS or Android device. Compatible with multiple home automation systems, the Cree connected LED bulb works with either wink or a ZigBee certified hub. Once installed, you can easily dim or brighten to the perfect setting, Schedule lights to come on automatically at the start of the day, or turn on lights for added security when you are away from home, all from the Palm of your hand."
"Sengled Smart LED Daylight A19 Light Bulb, Hub Required, 5000K 60W Equivalent, Compatible with Alexa, Google Assistant & SmartThings, 1 Pack","https://www.amazon.com/Sengled-Smart-Element-Classic-Bulb/dp/B078H7F8P8/ref=sr_1_66?keywords=smart+light&qid=1581984642&sr=8-66","$9.99
$9
.
99","In Stock.","Do more with your lighting. Transform your space with a single tap in the app or a simple voice command. Sengled Smart LEDs fit seamlessly into your existing smart home. Compatible with Alexa, Google Assistant and SmartThings, it's simple to add smart lighting in any room. Create scenes, set schedules, dim or brighten, and more with the Sengled Home app (iOS/Android)."
"Smart Light Bulb Compatible with Alexa Google Home, NiteBird A19 E26 WiFi Dimmable Warm White 2700K LED Lights Bulbs, 75W Equivalent, No Hub Required, 2 Pack","https://www.amazon.com/Compatible-NiteBird-Dimmable-Equivalent-Required/dp/B082DWK146/ref=sr_1_67?keywords=smart+light&qid=1581984642&smid=A3HPJVB1GQD9MA&sr=8-67","$14.44
$14
.
44
$16.99
$16.99","In Stock.",""
"GE Enbrighten Z-Wave Plus Smart Light Switch with QuickFit and SimpleWire, 3-Way Ready, Works with Alexa, Google Assistant, ZWave Hub Required, Repeater/Range Extender, White & Light Almond, 46201","https://www.amazon.com/GE-Enbrighten-SimpleWire-SmartThings-46201/dp/B07RRBT6W5/ref=sr_1_68?keywords=smart+light&qid=1581984642&sr=8-68","$39.99
$39
.
99","In Stock.","Home automation is even smarter with the GE-branded Unfrighten Z-Wave Plus In-Wall Smart Switch with Quick Fit and Simple Wire. When paired with a compatible hub, the hardwired smart switch operates wall, ceiling and accent lighting through individual commands and programmed settings. Wirelessly control and schedule indoor or outdoor fixtures for effortless management of your home. Your automation possibilities are seemingly infinite when connected to hubs from Ring, Wink, SmartThings, Home Seer, Vera, Nexia and more."
"Etekcity Smart Light Bulb, WiFi Dimmable Soft White LED Bulb Works with Alexa, Google Home and IFTTT, Easy Setup, Schedule, A19 E26, 60W Equivalent, 806LM, 2700K, No Hub Required, UL Listed (4 Pack)","https://www.amazon.com/Etekcity-Dimmable-Schedule-Required-Equivalent/dp/B07TYV2BNF/ref=sr_1_69?keywords=smart+light&qid=1581984642&sr=8-69","$43.99
$43
.
99 ($11.00/Count)","In Stock.",""
"Almay Smart Shade Butter Kiss Lipstick, Berry-Light/Medium","https://www.amazon.com/Almay-Butter-Lipstick-Berry-Light-Medium/dp/B00QT5LSY2/ref=sr_1_70?keywords=smart+light&qid=1581984642&sr=8-70","$4.99
$4
.
99
$6.99
$6.99","In Stock.","Almay Smart Shade Butter Kiss Lipstick comes in a variety of Pink, Berry, Nude, and Red lip shades that are expertly coordinated to complement your skin tone. This hydrating lipstick has a hybrid, soft gel formula that glides on buttery smooth. Gives you medium to full coverage with a shiny finish. 98% of women felt lips were instantly hydrated.* Hypoallergenic. Ophthalmologist tested. Dermatologist tested. Almay - Quality ingredients. American science. *Tested among 52 women. Data on file."
"Smart plug Amysen : Smart Wifi Outlet, works with Alexa and Google Home, ETL Certified, Only Supports 2.4GHz Network, No Hub Required, Control Your Devices from Anywhere","https://www.amazon.com/Amysen-Smart-Plug%EF%BC%884-Pack%EF%BC%89-Mini-Assistant/dp/B078K432TK/ref=sr_1_71?keywords=smart+light&qid=1581984642&sr=8-71","$26.69
$26
.
69 ($6.67/Piece)","In Stock.",""
"SYLVANIA SMART+ RT 5/6"" Recessed Lighting Kit, Color Changing and Dimmable LED, 65-Watt","https://www.amazon.com/SYLVANIA-Recessed-Lighting-Changing-Dimmable/dp/B0196M601A/ref=sr_1_72?keywords=smart+light&qid=1581984642&sr=8-72","$14.99
$14
.
99","In Stock.",""
"Smart Light Bulb, REAFOO Smart WiFi LED Light Bulbs with Timer and Remote, Dimmable E26 RGB Color Changing Lights for Room Home Décor Holiday Party, Compatible with Alexa Google Assistant (2 Pack)…","https://www.amazon.com/REAFOO-Dimmable-Changing-Compatible-Assistant/dp/B07WKZBLT1/ref=sr_1_73?keywords=smart+light&qid=1581984642&sr=8-73","$16.99
$16
.
99","In Stock.",""
"Smart Light Bulbs, LOHAS BR30 LED WiFi Light Bulb Dimmable Daylight 5000K, 980LM, Compatible with Alexa Google Home Assistant, E26 10W Equivalent 75W BR30 Flood Light for Cans, No Hub Required, 2Pack","https://www.amazon.com/LOHAS-LED-Dimmable-Equivalent-Compatible/dp/B07SWYN9WS/ref=sr_1_74?keywords=smart+light&qid=1581984642&sr=8-74","$23.99
$23
.
99","In Stock.",""
"Lutron Caseta Smart Home Dimmer Switch and Pico Remote Kit, Works with Alexa, Apple HomeKit, and the Google Assistant | P-PKG1WB-WH | White","https://www.amazon.com/Lutron-P-PKG1WB-WH-Caseta-Wireless-Dimmer/dp/B07HM6L48C/ref=sr_1_75?keywords=smart+light&qid=1581984642&sr=8-75","$64.95
$64
.
95","In Stock.","Experience the ultimate convenience with the Lutron Caseta wireless dimmer and Pico remote control. The wireless dimmer gives you the ability to set the right light for any activity whether it's reading, watching TV, entertaining, or having a casual dinner. Control your lights in a 3-way application by mounting the Pico remote to the wall with the included Pico wall box bracket, for multi-location dimming. No cutting holes or wiring required! the remote lets you turn lights on/off as well as brighten or dim them. With the Lutron smart bridge and app (sold separately), you can control your Caseta wireless dimmers with your smartphone from anywhere. The dimmer works up to 600-watt of incandescent or halogen and 150-watt of dimmable LED or dimmable CFL. Pico takes (1) CR2032 battery, included in remote."
"AISIRER Smart Light Bulb WiFi LED Light Bulbs 9W 806LM Compatible with Amazon Alexa Echo Dot Google Home Assistant and IFTTT E26 Dimmable Warm Light 2700K No Hub Required A19 (4 Pack)","https://www.amazon.com/Compatible-Assistant-Equivalent-Dimmable-AISIRER/dp/B07RHMQ2DD/ref=sr_1_76?keywords=smart+light&qid=1581984642&sr=8-76","$39.99
$39
.
99","In Stock.",""
"LED Strip Lights, DAYBETTER 16.4 FT Smart Strip Lights 5050 Kit 150 LEDs Work with Alex Google Assistant WiFi Rope Light APP Controlled Smart Light Strip for Bedroom, Home, Ceiling, Cupboard Lighting","https://www.amazon.com/DAYBETTER-Assistant-Controlled-Cupboard-Lighting/dp/B07VQT4HR2/ref=sr_1_77?keywords=smart+light&qid=1581984642&sr=8-77","$24.99
$24
.
99","In Stock.",""
"Geeni GN-BW912-999 LUX Smart Floodlight, White – Outdoor 2700K-6500K Dimmable LED Bulb, E26, PAR38, 11W, 1000 Lumens – No Hub Works with Amazon Alexa, Google Assistant, Requires 2.4 GHz Wi-Fi","https://www.amazon.com/Geeni-GN-BW912-999-Smart-Floodlight-White/dp/B07XPLCZ1K/ref=sr_1_78?keywords=smart+light&qid=1581984642&sr=8-78","$24.99
$24
.
99","In Stock.",""
"Smart Light Bulbs, Aoycocr BR30 Dimmable LED Light Bulbs, 720 Lumen, Tunable White 2700K - 9000K,9 (80W Equivalent), Works with Alexa, Google Assistant, IFTTT, No Hub Required, Wi-Fi, E26 Base, 6 Pack","https://www.amazon.com/Smart-Light-Aoycocr-Dimmable-Tunable/dp/B07VP2KL7W/ref=sr_1_79?keywords=smart+light&qid=1581984642&sr=8-79","$80.99
$80
.
99","In Stock.",""
"Sunco Lighting 2 Pack WiFi LED Smart Bulb, PAR20, 5W, Color Changing (RGB & CCT), Dimmable, Compatible with Amazon Alexa & Google Assistant - No Hub Required","https://www.amazon.com/Sunco-Lighting-Changing-Compatible-Assistant/dp/B07NVZ3VBN/ref=sr_1_80?keywords=smart+light&qid=1581984642&sr=8-80","$19.99
$19
.
99 ($10.00/Count)","In Stock.",""
"Hedynshine 33 Ft LED Strip Lights, Waterproof Tape Lights with 300 LEDs SMD 5050 RGB Rope Lights, Sync to Music, 24 Key Remote Control and Compatible with Alexa/Google Home,WiFi LED Lights Strip","https://www.amazon.com/Hedynshine-Lights-Waterproof-Control-Compatible/dp/B07KVW8MZY/ref=sr_1_81?keywords=smart+light&qid=1581984642&sr=8-81","$38.89
$38
.
89","In Stock.",""
"LED Night Light Plug in, Super Smart Dusk to Dawn Sensor, Automatic Night Lights Suitable for Bedroom, Bathroom, Toilet,Stairs,Kitchen,Hallway,Kids,Adults,Compact Nightlight, (Warm White, 4 Pack)","https://www.amazon.com/Automatic-Suitable-Bedroom-Bathroom-Nightlight/dp/B083Q333Z7/ref=sr_1_82?keywords=smart+light&qid=1581984642&sr=8-82","$13.47
$13
.
47 ($3.37/Pieces)","In Stock.",""
"Nexlux LED Strip Lights, WiFi Wireless Smart Phone Controlled 16.4ft Waterproof Light Strip LED Kit 5050 LED Lights,Working with Android and iOS System,Alexa, Google Assistant","https://www.amazon.com/Nexlux-Wireless-Controlled-Working-Assistant/dp/B072DXFKRH/ref=sr_1_83?keywords=smart+light&qid=1581984642&sr=8-83","$27.98
$27
.
98
$29.99
$29.99","In Stock.",""
"Gosund Smart Switch, Smart Light Switch Works with Alexa, Google home and IFTTT, with Remote Control and Schedule, Needs Neutral Wire, Single-Pole, No Hub required, ETL and FCC listed (2 Pack)","https://www.amazon.com/Gosund-Control-required-installation-listed/dp/B07DQG4K52/ref=sr_1_84?keywords=smart+light&qid=1581984642&sr=8-84","$29.99
$29
.
99","In Stock.",""
"Sunco Lighting 2 Pack WiFi LED Smart Bulb, G25, 5W, Color Changing (RGB & CCT), Dimmable, Compatible with Amazon Alexa & Google Assistant - No Hub Required","https://www.amazon.com/Sunco-Lighting-Changing-Compatible-Assistant/dp/B07NVY18WF/ref=sr_1_85?keywords=smart+light&qid=1581984642&sr=8-85","$24.99
$24
.
99 ($12.50/Count)","In Stock.",""
"Philips Hue Smart Button for Hue Smart Lights, Smart Light Control, (Hue Hub required)","https://www.amazon.com/Philips-Hue-Button-Control-required/dp/B07XV1HRVZ/ref=sr_1_86?keywords=smart+light&qid=1581984642&sr=8-86","$19.99
$19
.
99","In Stock.","The Philips Hue Smart Button brings convenience and smart home automation to the Hue ecosystem. The button can be paired with any Hue smart light to control just one or a group of lights across your home. With full dimming and brightening technology, press the button to light the way, even if you forget your phone. Program the hue smart button in the Hue App to trigger specific preset scenes or to use our new “natural light” setting. Simplify your life through smart home automation. With a smart light switch that is so much more than a light switch, you can configure it to activate “smart automation” to tailor it to your personal needs. These automations will help you get the most out of your Philips Hue smart lighting system. You can change the Smart Button’s default settings in the Hue App to control the effects of your smart bulbs, set your very own light scene, or to control all the smart lights in a specific room."
"Smart Switch, SAUDIO Smart Light Dimmer Switch for Dimmable LED/Halogen/Incandescent Bulbs, Compatible with Alexa, Google Assistant/IFTTT, Remote Control, Single-Pole, Neutral Wire Required(1 Pack)","https://www.amazon.com/SAUDIO-Incandescent-Compatible-Assistant-Single-Pole/dp/B082WR6VDJ/ref=sr_1_87?keywords=smart+light&qid=1581984642&sr=8-87","$19.99
$19
.
99
$25.99
$25.99","In Stock.",""
"myTouchSmart In-Wall Digital Timer, 4 Programmable On/Off Buttons, 2 Easy On/Off Buttons, 24 Hour Daily Cycles, Blue LED Indicators, with Battery Backup, for Indoor/Outdoor Lights, Fans, 26893","https://www.amazon.com/myTouchSmart-Digital-Programmable-Indicators-26893/dp/B01BKGC492/ref=sr_1_88?keywords=smart+light&qid=1581984642&sr=8-88","$19.99
$19
.
99
$24.99
$24.99","In Stock.","MyTouchSmart In-Wall Digital Timer Save time, money and energy by scheduling your indoor or outdoor lighting and appliances - ideal for ceiling lights, ceiling fans, exhaust fans, patio lights, and more. 4 programmable On/Off buttons2 On/Off override buttons for when you need to use the connected light/fan outside of your selected scheduled times. Blue LED indicator lights next to each button show which buttons/programs are currently active or selected with LED, CFL, Incandescent and Halogen bulbs as well as dimmable LED and dimmable CFL bulbs. Replace your existing light switch Screw terminal installation provides improved space efficiency when replacing existing switches compared to flying leads NEUTRAL WIRE IS REQUIREDWALL PLATE NOT INCLUDED Backup battery maintains your settings in the event of a power outage. Electrical Ratings: 120VAC 60 Hz, 15A General/Resistive, 1200W Tungsten, 1200VA Ballast, ½ HP, UL Listed. myTouchSmart timers are an incredibly easy way to automate your lights to be on when you need them most. Save energy, save money and feel secure with myTouchSmart in-wall digital timers. The state-of-the art timer delivers convenient automation for lights, fans, appliances and electronics, both indoor and out. It is equipped with two sets of ""my on/off time"" buttons, enabling you to easily program your lights to turn on and off for anytime that suits your schedule, as well as on/off override buttons. The in-wall timer also features blue LED indicators that show active programs, a large LCD screen for effortless viewing, large buttons for added convenience and a battery backup that maintains your settings in the event of a power loss. Easy-to-install, the myTouchSmart in-wall digital timer replaces your existing light switch. myTouchSmart timers are an incredibly easy way to automate your lights to be on when you need them most and are compatible with CFL, LED, incandescent and halogen light sources. Requires neutral wire for installation. For use in single-pole applications only. Wall plate not included. This product is UL listed and is backed by a one-year limited ."
"Govee 32.8ft LED Strip Lights Works with Alexa and Google Assistant Wireless Smart Phone APP Control Light Strip (2x5m) Music Sync RGB Tape LED Lights for Room Kitchen Home Party (Not Support 5G WiFi)","https://www.amazon.com/Wireless-Control-Compatible-Assistant-Non-Waterproof/dp/B07N1BGYKB/ref=sr_1_89?keywords=smart+light&qid=1581984642&sr=8-89","$42.99
$42
.
99","In Stock.",""
"Kasa Smart WiFi Plug by TP-Link – Smart Plug, No Hub Required, Works with Alexa and Google (HS100), white, 1 Pack","https://www.amazon.com/TP-Link-HS100-Required-Google-Assistant/dp/B0178IC734/ref=sr_1_90?keywords=smart+light&qid=1581984642&sr=8-90","$16.87
$16
.
87","In Stock.",""
"Smart LED Light Bulb, 3Stone A19 Dimmable 7W(60W Equivalent) 2.4G Wi-Fi Smart RGB Multicolor Voice Controlled Bulb, Warm White(2700K), Works with Alexa, Google Assistant&IFTTT (No Hub Required)-1 Pack","https://www.amazon.com/3Stone-Controlled-Dimmable-Equivalent-Assistant/dp/B071GF1MGR/ref=sr_1_91?keywords=smart+light&qid=1581984642&sr=8-91","$13.99
$13
.
99","In Stock.",""
"Alexa Light Switch, Double Smart Wifi Light Switches, Smart Switch 2 Gang Works with Google Assistant and IFTTT(Two separate switches with one wall plate)","https://www.amazon.com/Switch-Double-Switches-Google-Assistant/dp/B07L755WM6/ref=sr_1_92?keywords=smart+light&qid=1581984642&sr=8-92","$39.99
$39
.
99","In Stock.","Note:
1. Neutral wire is required.
2. Support 2.4GHz Wi-Fi Only, not support 5Ghz wifi.
3. WiFi name and password should only contain letters and numbers. No special symbols allowed. (Like a dash.)
4. If physical button stopped working, please update the firmware of the switch in Smart Life app by:
Smartlife App - Device - Menu on the upper right corner - check for firmware update.
5. ALL devices and iPhone and Alexa devices need to be on SAME WIFI.
6. Models of router below are not compatible with our smart device: Google wifi mesh router, Apple Airport Extreme/Express, linksys WRT 3200ACM router
Specifications
Power supply: Neutral + Live wire
Rated Current: 15A
Rated Voltage: AC110V-125V~50/60Hz
Rated Power: INC 1650W(Max) LED 300W(Max)
Wireless Standard: IEEE802.11b/g/n
Working frequency: 2.4GHz
Safety: WEP/WPA-PSK/WPA2-PSK
Encryption: WEP/AES/TKIP
Static power loss: ≤0.5W
Working Temp:-20゜C～75゜C
Humidity: <95%
Control Distance : no limitation
Dimensions: 4.09x1.77x1.37 IN
Warranty:
1. ETL/FCC/RoHS certified
2. 15A Overload protection
Easy to Set Up
1. Download the “Smart life” from App Store or Google Play store.
2. Connect your mobile device to your 2.4GHz Wi-Fi network.
3. Launch “Smart life” and follow the wiring steps provided.
4. Connect the Smart Switch to your home network"
"Sengled Smart LED Soft White A19 Starter Kit, 2700K 60W Equivalent, 2 Smart Light Bulbs & Hub, Works with Alexa & Google Assistant","https://www.amazon.com/Sengled-Element-Classic-Equivalent-Assistant/dp/B01N2TVDYQ/ref=sr_1_93?keywords=smart+light&qid=1581984642&sr=8-93","$29.99
$29
.
99
$39.99
$39.99","In Stock.","Do more with your lighting. Use the Sengled Smart LED Starter kit to transform your space with a single tap in Sengled Home app (iOS/Android) or a simple voice command. Compatible with Alexa and Google Assistant, it's simple to add smart lighting in any room. Create scenes, set schedules, dim or brighten, and more with the app."
"Smart Light Bulb WiFi Light Bulbs,TECKIN 13W E27 RGBCW Multicolor Dimmable LED Color Changing Light Bulb Equivalent 100W,1300LM BR30 Compatible with Alexa and Google Home IFTTT 2900K-6000K 2 Packs","https://www.amazon.com/TECKIN-Multicolor-Equivalent-Compatible-2900K-6000K/dp/B07Z8X6VQZ/ref=sr_1_94?keywords=smart+light&qid=1581984642&sr=8-94","$37.99
$37
.
99","In Stock.",""
"Single Pole Treatlife Smart Light Switch（Neutral Wire Required) , 2.4Ghz Wi-Fi Light Switch, Works with Alexa and Google Assistant, Schedule, Remote Control, Single Pole, ETL Listed (2 PACK)","https://www.amazon.com/Treatlife-Smart-Light-Switch-Assistant/dp/B07SB5RW14/ref=sr_1_95?keywords=smart+light&qid=1581984642&sr=8-95","$32.99
$32
.
99","In Stock.",""
"Smart LED Bulb WiFi Multicolor Light Bulb Compatible with Alexa, Echo, Google Home and IFTTT No Hub Required, E26 A19 60W Equivalent RGBW Color Changing, 9.5W White 2700K Dimmable UL Listed (1pack)","https://www.amazon.com/Multicolor-Compatible-Required-Equivalent-Changing/dp/B07W67RFF1/ref=sr_1_96?keywords=smart+light&qid=1581984642&sr=8-96","$12.99
$12
.
99","In Stock.",""
"GE myTouchSmart WiFi Smart Light Switch, 3-Way/Single Pole, Works with Alexa, Google Assistant, 2.4GHz, No Hub Needed, Neutral Wire Required, White & Light Almond, 40792","https://www.amazon.com/Countdown-Programming-myTouchSmart-Compatible-40792/dp/B07H9DC3Q6/ref=sr_1_97?keywords=smart+light&qid=1581985322&sr=8-97","$20.95
$20
.
95
$34.99
$34.99","In Stock.","Take your lighting controls mobile with the GE-branded In-Wall Wi-Fi Smart Switch powered by myTouchSmart. Operated by the user-friendly myTouchSmart app – available on the Apple App Store and Google Play – the smart switch connects to a 2. 4GHz Wi-Fi network for control anywhere. Enjoy the hands-free convenience of voice commands through direct compatibility with Alexa and Google Assistant without a hub. The myTouchSmart app offers one-touch presets, custom my on/my off times and a full-range countdown to accommodate even the most varied schedules. Built-in SunSmart technology automatically recognizes the sunrise and sunset times for your region and adjusts programs accordingly. Complete control of LED, CFL, incandescent and halogen lights as well as fans and more has never been easier. Make yourself at home everywhere with the GE-branded In-Wall Wi-Fi Smart Switch powered by myTouchSmart."
"Govee Dusk to Dawn Light Bulb, 9W (70 Watt Equivalent) 800lm Smart Sensor LED Light Bulb, E26/E27 Automatic On/Off, Indoor/Outdoor Lighting Bulb for Porch Hallway Garage (Warm White, 2 Packs)","https://www.amazon.com/Govee-Equivalent-Automatic-Outdoor-Lighting/dp/B07PQQNNY3/ref=sr_1_98?keywords=smart+light&qid=1581985322&sr=8-98","$13.99
$13
.
99","In Stock.",""
"Alexa: Building The Ultimate Smart Home With Alexa (2017 Edition): How to Find Simplicity, Gain Efficiency, & Live the Life You’ve Always Wanted (Amazon Echo, Amazon Dot, Bonus Included Book 1)","https://www.amazon.com/Alexa-Building-Ultimate-Simplicity-Efficiency-ebook/dp/B01N1W490V/ref=sr_1_99?keywords=smart+light&qid=1581985322&sr=8-99","$0.00
$0
.
00","",""
"Sengled Smart LED Multicolor Light Strip, 1 Meter, 2 Meter Base Light Strip Required, RGBW Color & Tunable White 2000-6500K, Works with Alexa & Google Assistant, 1 Pack","https://www.amazon.com/Sengled-Multicolor-Required-2000-6500K-Assistant/dp/B07RL8H3BL/ref=sr_1_100?keywords=smart+light&qid=1581985322&sr=8-100","$17.99
$17
.
99
$19.99
$19.99","In Stock.","Do more with your lighting. Transform your space with a single tap in the app or a simple voice command. Sengled Smart LEDs fit seamlessly into your existing smart home. Compatible with Alexa and Google Assistant, it's simple to add smart lighting in any room. Create scenes, set schedules, dim or brighten, and more with the Sengled Home app (iOS/Android). With over 16 million colours and tuneable whites to pick from, your lights can set the mood for everything from cozy movie nights to party vibes."
"WiFi Smart Wall Touch Light Switch Glass Panel Wireless Remote Control by Mobile APP Anywhere Compatible with Alexa,Timing Function No Hub Required (Wall Switch 2 Gang)","https://www.amazon.com/Wireless-Anywhere-Compatible-Function-Required/dp/B07BLZFQZZ/ref=sr_1_101?keywords=smart+light&qid=1581985322&sr=8-101","$27.99
$27
.
99","In Stock.",""
"Aoycocr Smart Light Switch - Neutral Wire Required, 2.4Ghz Wi-Fi Light Switch, Works with Alexa, Google Assistant and IFTTT, Schedule, Remote Control, Single Pole, FCC Listed","https://www.amazon.com/Aoycocr-Smart-Light-Switch-Assistant/dp/B07SVD6P2L/ref=sr_1_102?keywords=smart+light&qid=1581985322&sr=8-102","$17.99
$17
.
99
$20.99
$20.99","In Stock.",""
"Smart WiFi Light Bulb, Magic Hue A19 E26 7W (60w Equivalent) Multicolor 2700k-6500k Dimmable Smart LED Lights (No Hub Required), Compatible with Alexa Google Home Siri IFTTT","https://www.amazon.com/Magic-Hue-Equivalent-Multicolor-2700k-6500k/dp/B07VM5LZT6/ref=sr_1_103?keywords=smart+light&qid=1581985322&sr=8-103","$13.99
$13
.
99
$18.99
$18.99","In Stock.",""
"Treatlife Smart Dimmer Switch, Neutral Wire Needed, 2.4Ghz Wi-Fi Light Switch, Compatible with Alexa and Google Assistant, Schedule, Remote Control, Single Pole (1 PACK)","https://www.amazon.com/Treatlife-Neutral-Compatible-Assistant-Schedule/dp/B07YKGMXDM/ref=sr_1_104?keywords=smart+light&qid=1581985322&sr=8-104","$20.39
$20
.
39
$23.99
$23.99","In Stock.",""
"Kasa Smart Wi-Fi Light Switch, 3-Way Kit by TP-Link - Control Lighting from Anywhere, Easy In-Wall Installation (3-Way Only), No Hub Required, Works with Alexa and Google Assistant (HS210 KIT)","https://www.amazon.com/TP-Link-Switch-HS210-KIT-1-Pack/dp/B07724HNTX/ref=sr_1_105?keywords=smart+light&qid=1581985322&sr=8-105","$44.97
$44
.
97","In Stock.","The HS210 Smart Switch Kit makes it easy to replace traditional 3 way switches commonly found in living rooms, halls, or stairways where 2 switches control the same light. The HS210 kit includes 2 smart switches specially designed to work together with 3 way switch wiring. There’s no need to be an expert on complex 3 way switch wiring or confusing master vs. auxiliary smart switch settings. The Kasa app guides you through each step of the installation, connecting to your home Wi Fi, and providing control from anywhere. For convenient hands free controls it easily connects with Amazon Echo or Google Assistant voice assistants. Protocols Supported: IEEE 802.11b/g/n; System Requirement: Android 4.1 or higher iOS 9.0 or higher; Wireless Type: 2.4GHz 1T1R"
"Etekcity Smart Light Bulb, Easy Setup WiFi Dimmable and Tunable White LED Bulb, Work with Alexa and Google Home, Work Light, A19 E26, 60W Equivalent, 806LM, 2700K-6500K, No Hub Required, UL Listed","https://www.amazon.com/Etekcity-Dimmable-Equivalent-2700K-6500K-Required/dp/B07NR514SD/ref=sr_1_106?keywords=smart+light&qid=1581985322&sr=8-106","$15.99
$15
.
99","In Stock.",""
"UPGRADED WiFi Smart LED Strip Lights 16.4ft Works with Alexa, Google Home Extra-Adhesive Bright 5050 LED, 16 Million Colors Phone App Controlled Strip for Home, Kitchen, TV, Party, for iOS and Android","https://www.amazon.com/TBI-Pro-Extra-Adhesive-Million-Controlled/dp/B07TNNMDBK/ref=sr_1_107?keywords=smart+light&qid=1581985322&sr=8-107","$29.95
$29
.
95","In Stock.",""
"Almay Smart Shade Concealer, Hypoallergenic, Cruelty Free, Oil Free, Fragrance Free, Dermatologist Tested","https://www.amazon.com/Almay-Skintone-Concealer-Hypoallergenic-Dermatologist-tested/dp/B001KYQ590/ref=sr_1_108?keywords=smart+light&qid=1581985322&sr=8-108","$6.99
$6
.
99
$9.49
$9.49","In Stock.","This intuitive concealer keeps your secret by adjusting to your skin tone, wherever you need coverage."
"DAYBETTER LED Strip Lights, Smart LED Lights 16.4ft Waterproof 5050 RGB Color Changing Controlled by Phone APP, Sync to Music, WiFi LED Strips Work with Alexa, Google Assistant for Bedroom","https://www.amazon.com/DAYBETTER-Waterproof-Changing-Controlled-Assistant/dp/B07VNG9ZLM/ref=sr_1_109?keywords=smart+light&qid=1581985322&sr=8-109","$26.99
$26
.
99","In Stock.",""
"Smart LED Strip Lights Works with Alexa, Govee APP Control Waterproof 16.4ft RGB LED Light Strip WiFi Sync with Music, 16 Million Colors 5050 LED Lights for Home, Kitchen, TV, Party","https://www.amazon.com/Waterproof-Wireless-Controlled-Assistance-Control/dp/B07HRHDV1T/ref=sr_1_110?keywords=smart+light&qid=1581985322&sr=8-110","$28.99
$28
.
99","In Stock.",""
"meross Smart WiFi Light Switch, Wall Switch, Compatible with Amazon Alexa, Google Assistant and IFTTT, Remote Control, Schedules, Timer, No Hub Needed - Upgrade Version","https://www.amazon.com/meross-MSS510-Compatible-Function-Needed-Upgrade/dp/B07JZ312TS/ref=sr_1_111?keywords=smart+light&qid=1581985322&sr=8-111","$15.99
$15
.
99","In Stock.",""
"IBERLS (2 Pack) USB Smart Charger for USB Adapter Devices with LED Indicator Light, Smart Over-Charge Protection Power Cord","https://www.amazon.com/IBERLS-Charger-Indicator-Over-Charge-Protection/dp/B07ZH1V2RG/ref=sr_1_112?keywords=smart+light&qid=1581985322&sr=8-112","$7.59
$7
.
59","",""
"Vont LED Night Light (Plug-in), Smart Dusk to Dawn Sensor, Automatic Night Lights, Suitable for Bedroom, Bathroom, Toilet,Stairs,Kitchen,Hallway,Kids,Adults,Compact Nightlight, Energy, Cool White (6)","https://www.amazon.com/Night-Light-Plug-Smart-Sensor/dp/B07NF4P12L/ref=sr_1_113?keywords=smart+light&qid=1581985322&sr=8-113","$11.99
$11
.
99 ($2.00/Pieces)","In Stock.",""
"Shark Tank Season 5","https://www.amazon.com/Week-25/dp/B00FC3LD4C/ref=sr_1_114?keywords=smart+light&qid=1581985322&sr=8-114","From
$1.99
$1
.
99 to buy episode","",""
"100 LED Miniature Lights","https://www.amazon.com/GE-100-LED-Miniature-Lights/dp/B07J46B3GJ/ref=sr_1_115?keywords=smart+light&qid=1581985322&sr=8-115","$9.43
$9
.
43","",""
"Leviton DW15S-1BZ Decora Smart Wi-Fi 15A Universal LED/Incandescent Switch, Works with Amazon Alexa, No Hub Required","https://www.amazon.com/Leviton-DW15S-1BZ-Universal-Incandescent-Required/dp/B01MU9SH77/ref=sr_1_116?keywords=smart+light&qid=1581985322&sr=8-116","$39.65
$39
.
65
$44.99
$44.99","In Stock.","Easily replace your existing single pole or multi-way switch with the new Leviton 15 Amp Universal LED/Incandescent Decora Smart Wi-Fi Switch to allow control from anywhere. Use the free My Leviton iOS or Android app to add/name devices and to control them individually or as a room with a single button push. Create schedules, scenes and customize your experience as desired. Add an Amazon Alexa or Google Assistant device to use voice commands like, ""Alexa, turn outdoor lights on”. Leverages the Leviton Decora form factor with matching color change kits, multi-way devices, wallplates and more. Rated for LED and CFL loads up to 600-Watt, incandescent loads up to 1800-Watt or fluorescent loads up to 15 Amp, neutral wire required (a neutral wire provides continuous power to the smart switch and is required for functionality. If you have questions, please contact Leviton directly or consult a licensed electrician). A 5-year limited warranty supports Leviton Decora Smart Wi-Fi products. Decora Smart devices are designed for countries which follow NEMA standards including the United States, Canada and parts of South America. DW15S is for use with the My Leviton app and can be connected to voice controls and select third-party devices. If enrolling into a hub like Samsung SmartThings to create a complete smart-home eco-system, Leviton recommends the DZ15S. If using in a HomeKit installation, utilize the DH15S."
"3 Way Smart Wi-Fi Light Switch Plus,Individual 3 Way Switch(only one needed) /Single Pole Switch,Works With Amazon Alexa Google Assistant","https://www.amazon.com/Switch-Individual-needed-Single-Assistant/dp/B07WFRGHHD/ref=sr_1_117?keywords=smart+light&qid=1581985322&sr=8-117","$20.99
$20
.
99
$29.99
$29.99","In Stock.","Nexete smart light switch connect directly , transform any home into a smart home with the smart lighting control receptacle, wireless control of on/off functions is compatible with incandescent, LED, Xenon, Halogen, fluorescent bulbs and fans。
Features(Make your smart home)
1.Phone app remote controlled, you can control your home whenever and wherever you are in the world just by phone.
2.Time"
"Smartwool Outdoor Light Crew","https://www.amazon.com/Smartwool-Outdoor-Light-Black-Fossil/dp/B078NGDQJJ/ref=sr_1_118?dchild=1&keywords=smart+light&qid=1581985322&sr=8-118","$17.21
$17
.
21
$22.95
$22.95","","Experience durability at its peak with the Smartwool Men’s PhD Outdoor Light Crew Socks. These socks are built for performance in the highest degree, making them ready for any adventure on your list.
The Smartwool community is a collection of people who believe that time outside is valuable, restorative, and essential for everyone.
When Smartwool started making socks back in 1994, their founders simply wanted to be able to ski longer without getting cold toes.
That’s when they discovered the benefits of Merino wool as a performance fabric. It was soft (softer than any wool they had every felt), moisture-wicking, thermoregulating (warm when it’s cold, and cool when it’s warm), sustainable, and odor-neutralizing- helping to keep feet dry, comfortable, and warm for longer than the synthetic socks they were wearing at the time. It worked so well, in fact, that Smartwool uses it in almost every single item they make.
Smartwool was the first outdoor company to make performance Merino wool ski socks- revolutionizing the category and forever changing the way outdoor enthusiasts viewed their feet.
Smartwool’s whole brand was built on the desire to be comfortable on outdoor adventures-we wanted to go farther and experience more. And that drive continues to fuel everything Smartwool does. From their Merino wool supply chain to the Smartwool advocacy program to how they design their socks and apparel, Smartwool exists to help you play, love, and laugh in the great outdoors as often as you would like."
"Smart Wake-Up Light, Alarm Clock 8 Colored Sunrise Simulation & Sleep Aid, Dual Alarm Clock with FM Radio, Compatiable with Alexa and Google Home","https://www.amazon.com/Wake-Up-Colored-Sunrise-Simulation-Compatiable/dp/B07W8TZYTG/ref=sr_1_119?keywords=smart+light&qid=1581985322&sr=8-119","$39.99
$39
.
99","In Stock.",""
"BRTLX Smart Light Bulb, RGB Dimmable Wi-Fi LED Bulb, 9W 800LM,Free APP and Voice Control, Compatible with Amazon Alexa and Google Assistant,No Hub Required,A60 E26 Multicolored Smart Bulbs (4 Pack)","https://www.amazon.com/BRTLX-Dimmable-Compatible-Assistant-Multicolored/dp/B07JFVQ6B7/ref=sr_1_120?keywords=smart+light&qid=1581985322&sr=8-120","$35.49
$35
.
49","In Stock.",""
"Almay Smart Shade Skintone Matching Makeup, Hypoallergenic, Cruelty Free, Oil Free, Fragrance Free, Dermatologist Tested Foundation with SPF 15, Light, Medium Mine, 1oz","https://www.amazon.com/Almay-Skintone-Matching-Makeup-Medium/dp/B00I50QVAU/ref=sr_1_121?keywords=smart+light&qid=1581985322&sr=8-121","$9.98
$9
.
98","In Stock.","Take the guesswork out of finding your foundation with this innovative formula that adjusts to match your skin tone—instantly!"
"Smart WiFi LED Light Bulbs Compatible with Alexa Google Home, Siri and Echo(No Hub Required), TIKLOK RGBCW Multi-Color, Warm to Cool White Dimmable 7.5W E26 A19 Color Changing Bulb(4 Pack)","https://www.amazon.com/Compatible-Required-Multi-Color-Dimmable-Changing/dp/B07R9ZBQZK/ref=sr_1_122?keywords=smart+light&qid=1581985322&sr=8-122","$35.96
$35
.
96","In Stock.",""
"Smart LED WiFi Light Bulb, LOHAS LED 2700K-6000K Daylight RGB A19 Bulb Color Changing 60W Equivalent, Dimmable LED E26 Bulbs Works with Alexa, Google Home, Siri (No Hub Required), UL Listed, 4 Pack","https://www.amazon.com/LED-LOHAS-2700K-6000K-Daylight-Equivalent/dp/B07T7W7ZMW/ref=sr_1_123?keywords=smart+light&qid=1581985322&sr=8-123","$39.79
$39
.
79","In Stock.",""
"Lutron Caseta Smart Home Dimmer Switch, Works with Alexa, Apple HomeKit, and the Google Assistant | for LED Light Bulbs, Incandescent Bulbs and Halogen Bulbs | PD-6WCL-LA | Light Almond","https://www.amazon.com/Lutron-Wireless-Lighting-PD-6WCL-Assistant/dp/B00KLAXJFC/ref=sr_1_124?keywords=smart+light&qid=1581985322&sr=8-124","$59.95
$59
.
95","In Stock.","Bring technology and style to your home with the Caseta Wireless In Wall Dimmer; the dimmer that is compatible with all of today's bulb types, including dimmable CFL and LED, halogen and incandescent. The wireless dimmer gives you the ability to set the right light for any activity whether it's reading, watching TV, entertaining, or having a casual dinner. Conveniently control the dimmer with a Lurton Pico remote control, sold separately. Wall plate sold separately."
"Geeni LUX 800 Smart Wi-Fi LED Dimmable White Light Bulbs (2700K), 3-Pack – A19, 60-Watt Equivalent – No Hub Required – Works with Amazon Alexa, Google Assistant, Microsoft Cortana","https://www.amazon.com/Geeni-Bulb-Soft-Dimmable-Assistant-Microsoft/dp/B07FL7F4K8/ref=sr_1_125?keywords=smart+light&qid=1581985322&sr=8-125","$33.41
$33
.
41 ($11.14/each)
$44.99
$44.99","In Stock.",""
"MagicLight Smart WiFi Light Bulb, No Hub Required, Dimmable Multicolor A19 E26 7W (60w Equivalent) Smart Bulb, Compatible with Alexa Google Home Siri IFTTT (3 Pack)","https://www.amazon.com/MagicLight-Required-Multicolor-Equivalent-Compatible/dp/B07VLBCGP2/ref=sr_1_126?keywords=smart+light&qid=1581985322&sr=8-126","$25.99
$25
.
99 ($8.66/Count)
$30.99
$30.99","In Stock.",""
"Sengled Pulse LED Smart Bulb with JBL Bluetooth Speaker, App Controlled Up to 8 BR30 LED Light Bulbs with Starter Kit, E26 Base, Compatible with Amazon Alexa, White, 2 Pack","https://www.amazon.com/Sengled-Bluetooth-Speaker-Controlled-Compatible/dp/B00OZSSD6Q/ref=sr_1_127?keywords=smart+light&qid=1581985322&sr=8-127","$20.68
$20
.
68
$99.99
$99.99","In Stock.","With Pulse, you get the energy efficiency of a dimmable LED light with the rich sound of a JBL speaker that you can control using your iOS or Android device. Set up is simple. Just screw Pulse into any standard light socket or fixture and enjoy high quality stereo sound right out of the box. No need to worry about wires, cords or remotes.
Best of all, you can customize your Pulse system to suit your needs. A Pulse Master bulb can be paired with up to 8 Satellite bulbs allowing you to enjoy your favorite music in every room of your house. You can even add a subwoofer to your Pulse sound system using the Pulse Amp adapter (sold separately) or connect it to your TV or audio receiver using Pulse Link (sold separately).
Pulse bulbs are available in three striking colors Candy Apple, Pearl White and Pewter and come with a one year limited warranty."
"[2020 Upgrade] 100W Equivalent Smart LED Light Bulb 2.4G(Not 5G) A21 by 3Stone, WiFi App Controlled UL Listed, Dimmable Warm White and RGB Colors, Works Perfect with Amazon Alexa Google Assistant","https://www.amazon.com/3Stone-Controlled-Dimmable-Equivalent-Assistant/dp/B07HR8GT12/ref=sr_1_128?keywords=smart+light&qid=1581985322&sr=8-128","$39.99
$39
.
99","In Stock.",""
"LoraTap Smart WiFi Bulb Socket E26 2 Pack Wi-Fi LED Light Bulb Lamp Timer Holder Adapter, Voice Control with Amazon Alexa and Google Home Assistant, App Control from Anywhere by Phone, 30W Max.","https://www.amazon.com/LoraTap-Adapter-Control-Assistant-Anywhere/dp/B07PMJ6RM6/ref=sr_1_129?keywords=smart+light&qid=1581985322&sr=8-129","$29.99
$29
.
99","In Stock.",""
"Switchmate for Toggle Style Light Switches by SimplySmart Home","https://www.amazon.com/Switchmate-TSM001WCAN-One-Second-Installation-Lighting/dp/B06Y2PNX77/ref=sr_1_130?keywords=smart+light&qid=1581985322&sr=8-130","$17.95
$17
.
95
$34.99
$34.99","In Stock.","Switchmate is the world’s first smart light switch that instantly snaps over your existing light switches to bring voice controlled smart lighting into your home, all without having to replace or rewire a light switch or light bulb. Taking less than 1 minute to install, Switchmate responds to voice commands, turns lights on automatically when you arrive home, and has multiple timers for total smart lighting control. Download the free companion app to control on your phone or control at the wall switch or with the Google Assistant - with upcoming compatibility with Alexa. Finally, smart lighting has never been easier."
"Smart Plug Work with Alexa and Google Home, TanTan WiFi Outlet Mini Socket Remote Control Only Supports 2.4GHz Network, ETL and FCC Listed 2 Packs","https://www.amazon.com/TanTan-Assistant-Required-Anywhere-Upgraded/dp/B071LLWLLP/ref=sr_1_131?keywords=smart+light&qid=1581985322&sr=8-131","$16.99
$16
.
99","In Stock.",""
"Smart Alexa Light Bulbs, SAUDIO WiFi LED Bulbs RGB Color Changing Bulbs, Compatible with Siri,Alexa,IFTTT and Google Home Assistant, No Hub Required, A19 E26 Multicolor 2 Pack","https://www.amazon.com/SAUDIO-Changing-Compatible-Assistant-Multicolor/dp/B082WT4CPW/ref=sr_1_132?keywords=smart+light&qid=1581985322&sr=8-132","$21.99
$21
.
99","In Stock.",""
"FEIT Electric Smart Wi-Fi LED Color Changing Dimmable 60W Light Bulbs 2-pk White","https://www.amazon.com/Electric-Smart-Wi-Fi-Changing-Dimmable/dp/B07KG15VF9/ref=sr_1_133?keywords=smart+light&qid=1581985322&sr=8-133","$26.78
$26
.
78 ($13.39/Count)
$28.85
$28.85","",".Brightness 800 Lumens; .60 Watts Replacement uses only 9 W Voice Controlled With Amazon Alexa And Google Assistant Color Changing And Tunable White Set Schedules And Timers； Average Life 25,000 Hour Base Code E26 Brand Feit Electric Bulb Diameter 2.35 in. Bulb Shape Standard Bulb Size A19 Bulb Type LED Color Temperature 6,500 K Compatible with Alexa Compatible with Google Assistant Features Dimmable Light Output 800 Lumen"
"Sengled Smart LED Daylight Extra Bright A19 Light Bulb, Hub Required, 5000K 100W Equivalent, Works with Alexa, Google Assistant & SmartThings, 1 Pack","https://www.amazon.com/Sengled-Daylight-Equivalent-Assistant-SmartThings/dp/B07QDVC69G/ref=sr_1_134?keywords=smart+light&qid=1581985322&sr=8-134","$24.99
$24
.
99","In Stock.","Do more with your lighting. Transform your space with a single tap in the app or a simple voice command. Sengled Smart LEDs fit seamlessly into your existing smart home. Compatible with Alexa, Google Assistant and SmartThings, it's simple to add smart lighting in any room. Create scenes, set schedules, dim or brighten, and more with the Sengled Home app (iOS/Android)."
"LED Flood Light 15W RGB Color Changing, Outdoor Bluetooth Smart Floodlights RGBW 2700K Warm White & 16 Million Colors, 20 Modes, Grouping, Timing, IP66 Waterproof, 100W Equivalent (2 Pack)","https://www.amazon.com/Changing-Bluetooth-Floodlights-Waterproof-Equivalent/dp/B07T1B5S58/ref=sr_1_135?keywords=smart+light&qid=1581985322&sr=8-135","$36.99
$36
.
99","In Stock.","iLC User manual x1"
"TP-Link (HS220) Kasa Smart Dimmer WiFi Light Switch, 1-Pack","https://www.amazon.com/TP-Link-HS220-Dimmer-Switch-1-Pack/dp/B079775ZZQ/ref=sr_1_136?keywords=smart+light&qid=1581985322&sr=8-136","$29.99
$29
.
99
$34.99
$34.99","In Stock.",""
"Smart LED Light Bulb, Alexa Light Bulbs WiFi Dimmable 2 Pack Work with Google Home/Smart Life APP, Avatar Controls RGBW Color Changing Lights, No Hub Required (910LM E26 A19 8W=70W Equivalent)","https://www.amazon.com/Dimmable-Avatar-Controls-Changing-Equivalent/dp/B07SBPBDZW/ref=sr_1_137?keywords=smart+light&qid=1581985322&sr=8-137","$19.99
$19
.
99","In Stock.",""
"LE LampUX Smart LED Light Bulb, E12 Candelabra Light Bulbs, Works with Alexa Google Home, Tunable White 2700K-6500K, Dimmable with App, 40 Watt Equivalent, No Hub Required, 2.4GHz WiFi","https://www.amazon.com/Equivalent-Candelabra-Compatible-Assistant-2700-6500K/dp/B07PBZZ8P1/ref=sr_1_138?keywords=smart+light&qid=1581985322&sr=8-138","$12.99
$12
.
99","In Stock.",""
"C by GE Smart Switch Dimmer - Works with Alexa + Google Home Without Hub, Single-Pole/3-Way Replacement On/Off Paddle, White","https://www.amazon.com/GE-Lighting-48717-Dimmer-Switch/dp/B07J9V2QKW/ref=sr_1_139?keywords=smart+light&qid=1581985322&sr=8-139","$24.99
$24
.
99
$49.99
$49.99","In Stock.","The C by GE Smart Switch-Dimmer adds smart bulb functionality to traditional bulbs and keeps smart bulbs smart. The smart Wi-Fi switch works as dimmer switch while enhancing the traditional bulb functionality to include out-of-home control, scheduling and scene setting. When C by GE Smart Bulbs are installed, the smart switch allows app or voice control even when power is turned off at the switch. Pair the Smart Switch with C by GE Smart Bulbs in other fixtures like table lamps and control your all your lights in the room from one wall switch. C by GE Smart Switch wirelessly connects with other C by GE Smart Switches so you can control the same light fixture from multiple switches without a travel wire, even if the switches are on different circuits. Simple DIY set up. The Smart Switch connects directly with Google Home and Alexa devices without a hub required. Neutral wire--usually a white or gray wire--is required."
"Lutron Caseta Smart Home 5A Switch with Wallplate, Works with Alexa, Apple HomeKit, and Google Assistant | for Ceiling and Exhaust Fans, LED Bulbs, Incandescent and Halogen | PDW-5ANS-WH-A | White","https://www.amazon.com/Lutron-Wallplate-Assistant-Incandescent-PDW-5ANS-WH/dp/B07SGGQLNT/ref=sr_1_140?keywords=smart+light&qid=1581985322&sr=8-140","$58.90
$58
.
90","In Stock.","Experience the ultimate convenience in lighting control with Lutron family of Caseta wireless dimmers, switches, and smart phone control. The Caseta wireless in-wall switch provides switching of multiple load types and, when paired with Pico remote controls, allows remote control from anywhere in the space. Use the Pico remote control either in your hand, on a table top pedestal or by mounting the remote directly to the wall (remote control and accessories sold separately). you can even use the Pico remote to control the lights from your car as you arrive home. This switch works with up to 600 watts of incandescent, halogen, ELV and MLV, 5 amps of dimmable LED/CFL and 3. 6 amps of general purpose fans. Operating voltage: 120 V~ 50/60 Hz. NEUTRAL WIRE REQUIRED. Coordinating wall included. Refer instruction manual before use."
"WiFi Smart Table Lamp for Bedrooms, LE LampUX Touch Bedside Lamp Works with Alexa Google Home, Modern Dimmable LED Nightstand Lamp, White & RGB Color Changing Night Light for Kids Room, Living Room","https://www.amazon.com/Tunable-Dimmable-Nightstand-Computer-Lighting/dp/B07Q8SMG8R/ref=sr_1_141?keywords=smart+light&qid=1581985322&sr=8-141","$38.99
$38
.
99","In Stock.",""
"Geeni PRISMA PLUS 800 Wi-Fi LED Smart Light Bulb, Brighter Color & Tunable White (2700-6500K), 1-Pack, A19 60W, No Hub Required, Light Bulb Works with Amazon Alexa, Google Assistant, Microsoft Cortana","https://www.amazon.com/Geeni-Brighter-2700-6500K-Assistant-Microsoft/dp/B07R91XQBX/ref=sr_1_142?keywords=smart+light&qid=1581985322&sr=8-142","$16.99
$16
.
99","In Stock.",""
"LE LampUX GU10 WiFi Smart Light Bulbs Compatible with Alexa Google Home, Tunable White Warm to Daylight, App Control Dimmable GU10 LED Track Light Bulb 50W Halogen Equiv, No Hub Required, 2 Pack","https://www.amazon.com/Compatible-Tunable-Daylight-Dimmable-Required/dp/B07P5Y4BFL/ref=sr_1_143?keywords=smart+light&qid=1581985322&sr=8-143","$21.99
$21
.
99 ($11.00/Count)","In Stock.",""
"TP-Link Kasa Smart WiFi Light Bulb, Multicolor - Smart LED Light Bulbs, Works with Alexa & Google (KL130)","https://www.amazon.com/Kasa-Smart-Light-Multicolor-TP-Link/dp/B07FZ6PLJG/ref=sr_1_144?keywords=smart+light&qid=1581985322&sr=8-144","$29.99
$29
.
99","In Stock.","Smart Wi Fi LED Bulb With Color Changing Hue Protocols Supported: IEEE 802.11b/g/n; System Requirement: Android 4.1 or higher iOS 9.0 or higher; Wireless Type: 2.4GHz 1T1R"
"Smart Light Bulb Compatible with Alexa Google Home, NiteBird A19 E26 Wifi Dimmable Warm White 2700K LED Bulbs, 75W Equivalent, No Hub Required, 1 Pack","https://www.amazon.com/Compatible-NiteBird-Dimmable-Equivalent-Required/dp/B07Y4BLCTZ/ref=sr_1_145?keywords=smart+light&qid=1581985818&sr=8-145","$9.99
$9
.
99
$10.99
$10.99","In Stock.",""
"Smart Light Bulb, Daylight Multicolor Led Bulbs A19 E26 750 lm Work with Alexa, Echo, Google Home and IFTTT(No Hub Required) RGB Color Changing Dimmable, UL Listed, 4 Pack","https://www.amazon.com/Daylight-Multicolor-Required-Changing-Dimmable/dp/B07W4C33BT/ref=sr_1_146?keywords=smart+light&qid=1581985818&sr=8-146","$40.99
$40
.
99","In Stock.",""
"Smart LED Strip Lights Gosund Led Lights Works with Alexa and Google Home, 5050 RGB Color Changing Lights for Bedroom WiFi Remote Control Smart Tape Lights Sync with Music, 16 Million Colors, 16.4ft","https://www.amazon.com/Gosund-Changing-Bedroom-Control-Million/dp/B082119W8V/ref=sr_1_147?keywords=smart+light&qid=1581985818&sr=8-147","$25.99
$25
.
99","In Stock.",""
"Almay Smart Shade Anti-Aging Skintone Matching Makeup, Hypoallergenic, Cruelty Free, Oil Free, Fragrance Free, Dermatologist Tested Foundation with SPF 20, 1oz","https://www.amazon.com/Almay-Anti-Aging-Skintone-Matching-foundation/dp/B00GXURRUW/ref=sr_1_148?keywords=smart+light&qid=1581985818&sr=8-148","$9.68
$9
.
68
$14.69
$14.69","In Stock.","Meet the intuitive liquid foundation that adjusts to match your skin tone—as it helps minimize the look of lines and protects with SPF 20!"
"Aigital Smart WiFi Light Bulb Works with Alexa, LED WiFi Color Changing Dimmable Bulb Cool&Warm Multicolor Bulbs, 9W No Hub Required(Remote&Voice Control, Memory Function, DIY Scene Mode)-2 Pack","https://www.amazon.com/Aigital-Changing-Dimmable-Multicolor-Required/dp/B07ZCSRSCQ/ref=sr_1_149?keywords=smart+light&qid=1581985818&sr=8-149","$24.85
$24
.
85","In Stock.",""
"Aukora Dusk to Dawn Light Bulb, 12W (100-Watt Equivalent) Smart Sensor Light Bulbs Super Bright E26 Automatic On/Off Security Lights Outdoor/Indoor for Porch Garage Garden Patio(Cool White 2 Pack)","https://www.amazon.com/Aukora-100-Watt-Equivalent-Automatic-Security/dp/B07GTHDWRJ/ref=sr_1_150?keywords=smart+light&qid=1581985818&sr=8-150","$15.99
$15
.
99
$19.99
$19.99","In Stock.",""
"Rainbow Light - prenatal Dha Smart Essentials, Omega-3 Fatty Acids- 60 Softgels (Packaging May Vary)","https://www.amazon.com/Rainbow-Light-Essentials-Development-Gluten-Free/dp/B000WUJ7B6/ref=sr_1_151?keywords=smart+light&qid=1581985818&sr=8-151","$18.36
$18
.
36 ($0.31/Count)","In Stock.",""
"HitLights Smart WiFi LED Strip Lights, 16.4FT RGB 5050 LED Light Kit Working with Alexa, Google Home Phone APP Controlled for Christmas, Party, TV, Gaming Room, Home Theater, Dorm & DIY Decoration","https://www.amazon.com/HitLights-Wireless-Changing-Working-Assistant/dp/B07KG1KDHP/ref=sr_1_152?keywords=smart+light&qid=1581985818&sr=8-152","$27.99
$27
.
99
$35.99
$35.99","In Stock.",""
"Smart Wi-Fi Light Switch, Alexa Google Home Compatible, iOS Android Smartphone Wireless Remote Control, No Hub Required, Timer Function, Touch Switch On Off, In-Wall, 1 Gang, Single Pole, 15A (Black)","https://www.amazon.com/Smart-Home-Compatible-Smartphone-Wireless/dp/B0784D82NV/ref=sr_1_153?keywords=smart+light&qid=1581985818&sr=8-153","$19.95
$19
.
95","In Stock.",""
"""Made for Amazon"" THIRDREALITY Smart Night-Light for Echo Flex","https://www.amazon.com/Made-Amazon-THIRDREALITY-Smart-Night-Light/dp/B07VDPY2RL/ref=sr_1_154?keywords=smart+light&qid=1581985818&sr=8-154","$14.99
$14
.
99","In Stock.",""
"Philips Hue LightStrip Plus Dimmable LED Smart Light Extension (Requires Lightstrip Base & Hue Hub, Works with Alexa, HomeKit & Google Assistant)","https://www.amazon.com/Philips-LightStrip-Dimmable-Extension-Assistant/dp/B0167H31CI/ref=sr_1_155?keywords=smart+light&qid=1581985818&sr=8-155","$21.95
$21
.
95
$29.99
$29.99","In Stock.","Limitless possibilities for an extraordinary experience. The most flexible light source imagineable. Extend your Philips Hue Lightstrip Plus with these 40 inch extensions for larger surfaces. Shape it, attach it to any solid surface and enjoy high lumen output."
"Arduino IoT Based Smart Street Light System","https://www.amazon.com/Arduino-Based-Smart-Street-System-ebook/dp/B07VP5WL64/ref=sr_1_156?keywords=smart+light&qid=1581985818&sr=8-156","$0.00
$0
.
00","",""
"School Smart 2-Pocket Folders, Light Blue, Pack of 25","https://www.amazon.com/School-Smart-2-Pocket-Folders-Light/dp/B003U6SKY4/ref=sr_1_157?keywords=smart+light&qid=1581985818&sr=8-157","$8.39
$8
.
39","In Stock.","Compile and file with ease with School Smart's 2-Pocket Folders, which hold up to 100 sheets! Embossed leatherette texture lends quality for both professional, school, and personal needs. The double pockets are closed on 3 sides (outer edge, top, and bottom) to ensure your papers stay securely in place, while double reinforced edges provide extra durability when opening and closing. Comfortably holds 8 1/2 x 11 inch sheets. Comes in pack of 25 folders."
"Leoie 10Pcs LED Smart Touch Induction Cabinet Light Cupboard Inner Hinge Lamp Sensor Light Night Light for Closet Wardrobe White Light 10pcs with Battery","https://www.amazon.com/Leoie-Induction-Cabinet-Cupboard-Wardrobe/dp/B07XFJGTR8/ref=sr_1_158?keywords=smart+light&qid=1581985818&sr=8-158","$11.25
$11
.
25","In Stock.","We provide you with the best product and service. If you have any problem, please let us know, and we will solve the problem ASAP. Thank you so much."
"So Undercover","https://www.amazon.com/So-Undercover-Miley-Cyrus/dp/B082N95G1B/ref=sr_1_159?keywords=smart+light&qid=1581985818&sr=8-159","From
$3.99
$3
.
99 to rent","",""
"LOHAS Smart LED Bulbs, Candelabra Base E12 LED Bulb Dimmable Smart Daylight 50 Watt Equivalent, 5000K LED WiFi Bulb No Hub Required Work with Alexa Google Home for chandelier ceiling fan bulbs, 4 Pack","https://www.amazon.com/LOHAS-LED-Candelabra-Equivalent-chandelier/dp/B07ZCND9FM/ref=sr_1_160?keywords=smart+light&qid=1581985818&sr=8-160","$36.49
$36
.
49","In Stock.",""
"Ring Smart Lighting – Steplight, Battery-Powered, Outdoor Motion-Sensor Security Light, Black (Ring Bridge required)","https://www.amazon.com/Introducing-Ring-Smart-Lighting-Steplight/dp/B07KXQ85NW/ref=sr_1_161?keywords=smart+light&qid=1581985818&sr=8-161","$24.99
$24
.
99","In Stock.",""
"Smartwool Men’s Mini Hiking Socks - Ultra Light Wool Performance Sock","https://www.amazon.com/SmartWool-Ultra-Light-Socks-Large/dp/B008RHKXLE/ref=sr_1_162?dchild=1&keywords=smart+light&qid=1581985818&sr=8-162","$10.47
$10
.
47
$14.95
$14.95","",""
"Geeni PRISMA PLUS 800 Wi-Fi LED Smart Light Bulb, Brighter Color & Tunable White (2700-6500K), 1-Pack, A19 60W, No Hub Required, Light Bulb Works with Amazon Alexa, Google Assistant, Microsoft Cortana","https://www.amazon.com/Geeni-Brighter-2700-6500K-Assistant-Microsoft/dp/B07R91XQBX/ref=sr_1_163?keywords=smart+light&qid=1581985818&sr=8-163","$16.99
$16
.
99","In Stock.",""
"Philips Hue White Filament ST19 LED smart vintage bulb, Bluetooth & Hub compatible (Hue Hub Optional), voice activated with Alexa","https://www.amazon.com/Philips-Hue-Bluetooth-compatible-activated/dp/B07VRF9NWK/ref=sr_1_164?keywords=smart+light&qid=1581985818&sr=8-164","$27.95
$27
.
95","In Stock.","New to smart lighting? Get started with easy smart lighting with this Hue smart vintage filament bulb. Just using Bluetooth, without the Hue Hub, you can control up to 10 lights in 1 room. Comfy on the couch? No need to get up to change your lights. Control your lights using the (free) Hue Bluetooth app or with just your voice with Alexa or Google Assistant. Works with all Echo smart speakers/displays and Google Nest devices, (Hue Hub required for Echo (1st Gen) and Echo Dot (1st Gen)). Certified for Humans: struggle-free, tinker-free, stress-free. No patience needed-they’re actually simple. Want to upgrade your whole home with smart lighting? Add a Hue Hub to control up to 50 light points, get access the full Hue capabilities (Home & away control, timers/routines, more smart home partners) and extended product portfolio (indoor/outdoor smart lighting and accessories). Already a Philips Hue customer? This bulb is also compatible with the Hue Hub. Philips Hue, the creator of Smart Lighting, brings you the most comprehensive, up-to-date and secure smart lighting ecosystem."
"Smart Light Switch, Yeewell 2.4Ghz WiFi Light Switch with Timer and Remote Control, Works with Alexa, Google home and IFTTT, Neutral Wire Needed, Single Pole, No Hub Required, 2 gang","https://www.amazon.com/Switch-Yeewell-Control-Neutral-Required/dp/B07WR81VPC/ref=sr_1_165?keywords=smart+light&qid=1581985818&sr=8-165","$35.99
$35
.
99
$39.99
$39.99","In Stock.",""
"DORESshop Wi-Fi Smart LED Light Bulb, E26 Dimmable 10W(75W Equivalent) Vintage Edison WiFi LED Edison Bulb, ST64 Antique LED Filament Light Bulb, Work with Alexa and Google Assistant, 2 Pack","https://www.amazon.com/DORESshop-Dimmable-Equivalent-Filament-Assistant/dp/B07SG6B1J5/ref=sr_1_166?keywords=smart+light&qid=1581985818&sr=8-166","$27.99
$27
.
99","In Stock.",""
"Philips Hue White A19 2-Pack 60W Equivalent Dimmable LED Smart Bulbs (Hue Hub Required, Works with Alexa, HomeKit & Google Assistant), Old Version","https://www.amazon.com/Philips-Hue-Equivalent-Dimmable-Assistant/dp/B073SSNNNH/ref=sr_1_167?keywords=smart+light&qid=1581985818&sr=8-167","","Available from these sellers.",""
"ecobee Switch+ Smart Light Switch, Amazon Alexa Built-in","https://www.amazon.com/ecobee-Switch-Smart-Amazon-Built/dp/B0798LCLJ5/ref=sr_1_168?keywords=smart+light&qid=1581985818&sr=8-168","$35.98
$35
.
98
$79.99
$79.99","In Stock.",""
"Hyperikon Smart Light Bulbs, Work with Alexa RGB, No Hub, WiFi 2.4GHz, 60 Watt Equivalent, Dimmable, Color Changing, Google Assistant, 2 Pack","https://www.amazon.com/Hyperikon-Equivalent-Dimmable-Assistant-Compatible/dp/B07BZJFJZK/ref=sr_1_169?keywords=smart+light&qid=1581985818&sr=8-169","$24.50
$24
.
50 ($12.25/Bulbs)
$29.45
$29.45","In Stock.",""
"LOHAS Dusk to Dawn Sensor Light Bulb, 6W(40Watt Equivalent) Smart Automatic on/Off Dusk Till Dawn Bulb, A19 LED Warm White 2700K, E26 Base Indoor/Outdoor Security Lighting for Porch, Hallway, 4 Pack","https://www.amazon.com/LOHAS-Equivalent-Automatic-LED-Security/dp/B07TWH37HG/ref=sr_1_170?keywords=smart+light&qid=1581985818&sr=8-170","$17.69
$17
.
69","In Stock.",""
"DreamColor LED Strip Lights, Govee 16.4ft WiFi Wireless Smart Light Strip Works with Alexa Google Assistant App Control for Room Bedroom Kitchen Outdoors Music Sync Waterproof (Not Support 5G WiFi)","https://www.amazon.com/DreamColor-MINGER-Wireless-Controlled-Assistance/dp/B07HRHLKGK/ref=sr_1_171?keywords=smart+light&qid=1581985818&sr=8-171","$28.89
$28
.
89
$33.99
$33.99","In Stock.",""
"Smart LED Strip Lights Works with Alexa, Govee APP Control 16.4ft WiFi Light Strip, Music Sync 16 Million Colors RGB LED Lights for Room, Home, Kitchen, TV, Party, Halloween, Christmas, Waterproof","https://www.amazon.com/Govee-Control-Halloween-Christmas-Waterproof/dp/B07TTCSP86/ref=sr_1_172?keywords=smart+light&qid=1581985818&sr=8-172","$28.99
$28
.
99","In Stock.",""
"A19 LED Light Bulbs, Smart Bulbs Compatible with Alexa, Google Home Assitant, IFTTT, No Hub Required, Wi-Fi, Dimmable, E26 Base, 6500K Daylight, 750 Lumens, UL ETL Listed, 2 Pack","https://www.amazon.com/Compatible-Assitant-Required-Dimmable-Equivalent/dp/B07NXR61Y2/ref=sr_1_173?keywords=smart+light&qid=1581985818&sr=8-173","$21.99
$21
.
99","In Stock.",""
"Sunco Lighting 2 Pack WiFi LED Smart Bulb, PAR38, 13W, Color Changing (RGB & CCT), Dimmable, Compatible with Amazon Alexa & Google Assistant - No Hub Required","https://www.amazon.com/Sunco-Lighting-Changing-Compatible-Assistant/dp/B07NVYKBQB/ref=sr_1_174?keywords=smart+light&qid=1581985818&sr=8-174","$39.99
$39
.
99 ($20.00/Count)","In Stock.",""
"Uigos LED Night Light Lamp with Smart Sensor Dusk to Dawn Sensor, Daylight White, 0.5W Plug-in, 6 Piece","https://www.amazon.com/Uigos-Night-Light-Sensor-Daylight/dp/B01N47M3V0/ref=sr_1_175?keywords=smart+light&qid=1581985818&sr=8-175","$9.99
$9
.
99","In Stock.",""
"Maxonar LED Strip Lights Works with Alexa WiFi LED Light Strip,RGB Multicolor Waterproof IP65 Strip Light Wireless Smart Phone Controlled DIY Kit Works Amazon echo Google Home(16.4Ft)","https://www.amazon.com/Maxonar-Multicolor-Waterproof-Wireless-Controlled/dp/B075FRFBKG/ref=sr_1_176?keywords=smart+light&qid=1581985818&sr=8-176","$29.80
$29
.
80","In Stock.",""
"Texsens LED Light Bulb Bluetooth Speaker, 6W E26 RGB Changing Lamp Wireless Stereo Audio with 24 Keys Remote Control","https://www.amazon.com/Texsens-Light-Bulb-Bluetooth-Speaker/dp/B01CP1QB72/ref=sr_1_177?keywords=smart+light&qid=1581985818&sr=8-177","$16.99
$16
.
99","In Stock.",""
"Smart Plug Gosund WiFi Mini Socket Smart Outlet, Work with Alexa and Google Home, No Hub Required, Remote Control your Devices, ETL and FCC Listed 4 Pack","https://www.amazon.com/Smart-Plug-TanTan-Enabled-Socket/dp/B079KYVRN8/ref=sr_1_178?keywords=smart+light&qid=1581985818&sr=8-178","$29.99
$29
.
99 ($7.50/count)
$32.99
$32.99","In Stock.",""
"Smart Plug Gosund Smart Wifi Outlet Works with Alexa and Google Home, 2.4G Wifi Only, No Hub Required, ETL and FCC Listed 4 Pack [Upgraded Version]","https://www.amazon.com/Outlet-Required-Gosund-Upgraded-Version/dp/B07GRLQV47/ref=sr_1_179?keywords=smart+light&qid=1581985818&sr=8-179","$29.99
$29
.
99","In Stock.",""
"Smart WiFi Light Bulb, Linkind 9W LED Bulb, No Hub Required, Works with Alexa, A19 E26 800LM Starter Smart Lights, Soft White & Cold White, (2700k-6500k) Dimmable and Tunable","https://www.amazon.com/Linkind-Required-Compatible-2700k-6500k-Dimmable/dp/B07N79823Q/ref=sr_1_180?keywords=smart+light&qid=1581985818&sr=8-180","$9.90
$9
.
90","In Stock.",""
"Geeni Prisma Drop 65W Equivalent BR30 Smart Wi-Fi LED Multicolor Light Bulb -Dimmable, No Hub Required, Works with Google Assistant, Alexa and Microsoft Cortana","https://www.amazon.com/Geeni-GN-BW906-999-Prisma-Smart-Wi-Fi/dp/B06ZZ9BMBK/ref=sr_1_181?keywords=smart+light&qid=1581985818&sr=8-181","$18.66
$18
.
66
$29.99
$29.99","In Stock.","There are so many interesting products coming out every day, but also many things that make you ask yourself ""what were they thinking?"". The most exciting part for us has been to listen to our testers and customers to focus on the features and products that really matter. Customers have been super excited about things like Amazon Echo and Google Home support, accessible price points, and an easy to use app that covers all devices. And these are things people actually want to let into their homes: smart bulbs, plugs (to control their appliances), security cameras, surge protectors, etc. No smart Paperclips here"
"Smart 3 Way Light Switch (Only One Needed), Meross Smart WiFi Light Switch Works with Alexa, Google Assistant and IFTTT, Light Switch with Remote Control, Voice Control and Timer, No Hub Required","https://www.amazon.com/Smart-Switch-Assistant-Control-Required/dp/B07M7VZFHG/ref=sr_1_182?keywords=smart+light&qid=1581985818&sr=8-182","$24.99
$24
.
99","In Stock.",""
"LOHAS Smart Light Bulb, A21 Color Changing WiFi Control LED Bulbs, E26 Smart RGB Cool White Light, 100W Equivalent High Brightness Bulb, Dimmable with APP Alexa Google Assistant Compatible Light","https://www.amazon.com/LOHAS-LED-Equivalent-Brightness-Compatible/dp/B07P6M2FT3/ref=sr_1_183?keywords=smart+light&qid=1581985818&sr=8-183","$19.99
$19
.
99","In Stock.",""
"Sengled Smart LED Soft White BR30 Light Bulb, Hub Required, 2700K 65W Equivalent, Works with Alexa, Google Assistant & SmartThings, 1 Pack","https://www.amazon.com/Sengled-Required-Equivalent-Assistant-SmartThings/dp/B0719RXRBZ/ref=sr_1_184?keywords=smart+light&qid=1581985818&sr=8-184","$12.99
$12
.
99","In Stock.","Do more with your lighting. Transform your space with a single tap in the app or a simple voice command. Sengled Smart LEDs fit seamlessly into your existing smart home. Compatible with Alexa, Google Assistant, SmartThings and Wink, it's simple to add smart lighting in any room. Create scenes, set schedules, dim or brighten, and more with the Sengled Home app (iOS/Android)."
"SYLVANIA General Lighting 74768 SYLVANIA SMART (Formerly LIGHTIFY) On/Off/Dim LED Light Bulb, 60W Equivalent A19, 10 Year, Works with Amazon Alexa, SmartThings and Wink (4 Pack), Soft White, 4 Piece","https://www.amazon.com/Sylvania-Smart-Home-74768-SmartThings/dp/B07576J38L/ref=sr_1_185?keywords=smart+light&qid=1581985818&sr=8-185","$16.99
$16
.
99 ($4.25/Piece)","In Stock.",""
"LIFX 1100-Lumen, 11W Dimmable A19 LED Light Bulb (LHA19E26UC10) Multi Colored - 75W - New","https://www.amazon.com/LIFX-Adjustable-Multicolor-Dimmable-Assistant/dp/B01KY02MS8/ref=sr_1_186?keywords=smart+light&qid=1581985818&sr=8-186","$59.98
$59
.
98","In Stock.","LIFX (A19) Wi-Fi smart LED light bulb, adjustable, multicolor, dimmable, no hub required, works with Alexa. With LIFX, how your bulb connects is important, so all of our WiFi technology is built right into each individual bulb - no hub required. Works with Nest."
"Govee RGBW LED Light Bulbs, 10W (100W Equivalent) 1000lm Color Changing Light Bulb with Remote, Dimmable Multicolor Decorative LED Bulbs for Home, Party, Warm White 2700K, Cool White 6500K (2 Pack)","https://www.amazon.com/Govee-Equivalent-Changing-Multicolor-Decorative/dp/B07S3ZMCG6/ref=sr_1_187?keywords=smart+light&qid=1581985818&sr=8-187","$15.99
$15
.
99","In Stock.",""
"sanstar Xlite100 Smart Bicycle Tail Light,USB Rechargeable Bright Bike Sensing Bike Rear Lights Sense Flashing RED Back LED Accessories Cycling Safety Taillight, Waterproof Bike Brake Tail Light","https://www.amazon.com/Xlite100-Flashlight-Bicycle-Sensing-Waterproof/dp/B07NWW527C/ref=sr_1_188?dchild=1&keywords=smart+light&qid=1581985818&sr=8-188","$20.99
$20
.
99","In Stock.",""
"MINGER DreamColor LED Strip Lights, Smart Music Sync Light Strip Phone App Controlled Waterproof for Party, Room, Bedroom, TV, Gaming with Brighter 5050 LEDs and Strong Adhesive Tape (16.4Ft)","https://www.amazon.com/MINGER-DreamColor-Waterproof-Flexible-Lighting/dp/B0798NG8KJ/ref=sr_1_189?keywords=smart+light&qid=1581985818&sr=8-189","$29.99
$29
.
99","In Stock.",""
"Smart WiFi LED Light Bulb 2 Pack, Dimmable Multicolored RGBW, 85W Equivalent, Work with Alexa & Google Assistant, No Hub Required, A19 E26 Base Type, 10W","https://www.amazon.com/Dimmable-Multicolored-Equivalent-Assistant-Required/dp/B07SQVH2GJ/ref=sr_1_190?keywords=smart+light&qid=1581985818&sr=8-190","$18.99
$18
.
99 ($9.50/count)","In Stock.",""
"Wemo Wi-Fi Light Switch 3-Way 2-Pack Bundle - Control Lighting from Anywhere, Easy In-Wall Installation, Works with Alexa, Google Assistant and Apple HomeKit (WLS0403-BDL)","https://www.amazon.com/Wi-Fi-Light-Switch-2-Pack-Bundle/dp/B07NPZVYR1/ref=sr_1_191?keywords=smart+light&qid=1581985818&sr=8-191","$76.99
$76
.
99
$89.99
$89.99","In Stock.","The Wemo Smart Light Switch gives you total control
over your lights with no subscription or hub required.
Turn lights on and off from the wall, App, or with your
voice* using Apple HomeKit, Amazon Alexa or the
Google Assistant. And now with 3-way, the new Light
Switch can be installed almost anywhere. From porch
lights to ceiling fans to recessed lighting, Wemo Light
Switch can control nearly anything that a traditional
light switch can and only requires one Smart Light
Switch per 3-way circuit.Wemo Light Switch lets you easily set automatic schedules for any light. Using the free Wemo App, you can schedule your lights to turn off at sunrise, or synchronize your porch light with the sunset so you never come home to a dark house."
"LOHAS LED Smart Candelabra E12 Base Bulbs, A19 Dimmable 60W Equivalent LED Bulb, WiFi RGB Multicolor Candle Light, 810LM Chandelier Lighting for Ceiling Fan, Works with Alexa, Google Home,Siri,2 Pack","https://www.amazon.com/LOHAS-LED-Candelabra-Equivalent-Multicolor/dp/B07Y4YDCLG/ref=sr_1_192?keywords=smart+light&qid=1581985818&sr=8-192","$22.99
$22
.
99","In Stock.",""
"LOHAS LED Smart Candelabra E12 Base Bulbs, A19 Dimmable 60W Equivalent LED Bulb, WiFi RGB Multicolor Candle Light, 810LM Chandelier Lighting for Ceiling Fan, Works with Alexa, Google Home,Siri,2 Pack","https://www.amazon.com/LOHAS-LED-Candelabra-Equivalent-Multicolor/dp/B07Y4YDCLG/ref=sr_1_193?keywords=smart+light&qid=1581986406&sr=8-193","$22.99
$22
.
99","In Stock.",""
"Smart Light Bulb Compatible with Alexa Google Home, NiteBird A19 E26 Wifi Dimmable Warm White 2700K LED Lights Bulbs, 75W Equivalent, No Hub Required, 4 Pack","https://www.amazon.com/Compatible-NiteBird-Dimmable-Equivalent-Required/dp/B081SWYGTT/ref=sr_1_194?keywords=smart+light&qid=1581986406&sr=8-194","$31.99
$31
.
99","In Stock.",""
"Novostella BR30 Smart Light Bulb, WiFi LED Flood Lamp RGB Color Changing, 1050LM 3000K-6500K Dimmable Multicolored Bulbs, E26 10W(85W Equivalent), Compatible with Alexa, Google Home (No Hub Required)","https://www.amazon.com/Novostella-3000K-6500K-Multicolored-Equivalent-Compatible/dp/B07Y17FY1X/ref=sr_1_195?keywords=smart+light&qid=1581986406&sr=8-195","$26.99
$26
.
99","",""